2026-01-13 20:17:32,224 DEBUG Microsoft.AspNetCore.Watch.BrowserRefresh.BlazorWasmHotReloadMiddleware - Middleware loaded
2026-01-13 20:17:32,241 DEBUG Microsoft.AspNetCore.Watch.BrowserRefresh.BrowserScriptMiddleware - Middleware loaded. Script /_framework/aspnetcore-browser-refresh.js (16565 B).
2026-01-13 20:17:32,242 DEBUG Microsoft.AspNetCore.Watch.BrowserRefresh.BrowserScriptMiddleware - Middleware loaded. Script /_framework/blazor-hotreload.js (799 B).
2026-01-13 20:17:32,274 DEBUG Microsoft.AspNetCore.Watch.BrowserRefresh.BrowserRefreshMiddleware - Middleware loaded: DOTNET_MODIFIABLE_ASSEMBLIES=debug, __ASPNETCORE_BROWSER_TOOLS=true
2026-01-13 20:17:32,289 INFO Microsoft.Hosting.Lifetime - Now listening on: http://localhost:5082
2026-01-13 20:17:32,403 INFO Microsoft.Hosting.Lifetime - Application started. Press Ctrl+C to shut down.
2026-01-13 20:17:32,403 INFO Microsoft.Hosting.Lifetime - Hosting environment: Development
2026-01-13 20:17:32,403 INFO Microsoft.Hosting.Lifetime - Content root path: D:\university-3c5s\tp\lab-6\rentVPSmicroservices\rentVPSmicroservices.microserviceConfigs
2026-01-13 20:17:32,913 DEBUG Microsoft.AspNetCore.Watch.BrowserRefresh.BrowserRefreshMiddleware - Response markup is scheduled to include browser refresh script injection.
2026-01-13 20:17:32,926 DEBUG Microsoft.AspNetCore.Watch.BrowserRefresh.BrowserRefreshMiddleware - Response markup was updated to include browser refresh script injection.
2026-01-13 20:17:32,936 DEBUG Microsoft.AspNetCore.Watch.BrowserRefresh.BrowserScriptMiddleware - Script injected: /_framework/aspnetcore-browser-refresh.js
2026-01-13 20:17:45,251 WARN Microsoft.AspNetCore.HttpsPolicy.HttpsRedirectionMiddleware - Failed to determine the https port for redirect.
2026-01-13 20:17:45,335 INFO rentVPSmicroservices.microserviceConfigs.Controllers.ConfigurationsController - Был вызван метод GetConfiguration()
2026-01-13 20:17:45,335 INFO rentVPSmicroservices.microserviceConfigs.Controllers.ConfigurationsController - All configuration catalog was watched
2026-01-13 20:17:46,019 INFO Microsoft.EntityFrameworkCore.Database.Command - Executed DbCommand (17ms) [Parameters=[], CommandType='Text', CommandTimeout='30']
SELECT c."Id", c."CPU_ghz", c."CPU_name", c."GPU_name", c."GPU_vram", c."OS", c."RAM", c.disk_size
FROM "Configurations" AS c
2026-01-13 20:18:16,840 INFO rentVPSmicroservices.microserviceConfigs.Controllers.ConfigurationsController - Был вызван метод PostConfiguration()
2026-01-13 20:18:36,110 ERROR Microsoft.EntityFrameworkCore.Database.Command - Failed executing DbCommand (19,191ms) [Parameters=[@p0='?' (DbType = Guid), @p1='?' (DbType = Single), @p2='?', @p3='?', @p4='?' (DbType = Int32), @p5='?', @p6='?' (DbType = Int32), @p7='?' (DbType = Int32)], CommandType='Text', CommandTimeout='30']
INSERT INTO "Configurations" ("Id", "CPU_ghz", "CPU_name", "GPU_name", "GPU_vram", "OS", "RAM", disk_size)
VALUES (@p0, @p1, @p2, @p3, @p4, @p5, @p6, @p7);
2026-01-13 20:18:36,130 ERROR Microsoft.EntityFrameworkCore.Update - An exception occurred in the database while saving changes for context type 'rentVPSmicroservices.microserviceConfig.Contexts.ConfigContext'.
System.InvalidOperationException: An exception has been raised that is likely due to a transient failure.
 ---> Microsoft.EntityFrameworkCore.DbUpdateException: An error occurred while saving the entity changes. See the inner exception for details.
 ---> Npgsql.NpgsqlException (0x80004005): Exception while reading from stream
 ---> System.IO.IOException: Unable to read data from the transport connection: Удаленный хост принудительно разорвал существующее подключение..
 ---> System.Net.Sockets.SocketException (10054): Удаленный хост принудительно разорвал существующее подключение.
   at System.Net.Sockets.Socket.AwaitableSocketAsyncEventArgs.CreateException(SocketError error, Boolean forAsyncThrow)
   at System.Net.Sockets.Socket.AwaitableSocketAsyncEventArgs.ReceiveAsync(Socket socket, CancellationToken cancellationToken)
   at System.Net.Sockets.Socket.ReceiveAsync(Memory`1 buffer, SocketFlags socketFlags, Boolean fromNetworkStream, CancellationToken cancellationToken)
   at System.Net.Sockets.NetworkStream.ReadAsync(Memory`1 buffer, CancellationToken cancellationToken)
   at Npgsql.Internal.NpgsqlReadBuffer.<Ensure>g__EnsureLong|55_0(NpgsqlReadBuffer buffer, Int32 count, Boolean async, Boolean readingNotifications)
   at System.Runtime.CompilerServices.PoolingAsyncValueTaskMethodBuilder`1.StateMachineBox`1.ExecutionContextCallback(Object s)
   at System.Threading.ExecutionContext.RunInternal(ExecutionContext executionContext, ContextCallback callback, Object state)
   at System.Runtime.CompilerServices.PoolingAsyncValueTaskMethodBuilder`1.StateMachineBox`1.MoveNext()
   at System.Net.Sockets.SocketAsyncEventArgs.<>c.<.cctor>b__173_0(UInt32 errorCode, UInt32 numBytes, NativeOverlapped* nativeOverlapped)
   at System.Threading.PortableThreadPool.IOCompletionPoller.Callback.Invoke(Event e)
   at System.Threading.ThreadPoolTypedWorkItemQueue`2.System.Threading.IThreadPoolWorkItem.Execute()
   at System.Threading.ThreadPoolWorkQueue.Dispatch()
   at System.Threading.PortableThreadPool.WorkerThread.WorkerThreadStart()
--- End of stack trace from previous location ---

   --- End of inner exception stack trace ---
   at Npgsql.Internal.NpgsqlReadBuffer.<Ensure>g__EnsureLong|55_0(NpgsqlReadBuffer buffer, Int32 count, Boolean async, Boolean readingNotifications)
   at Npgsql.Internal.NpgsqlReadBuffer.<Ensure>g__EnsureLong|55_0(NpgsqlReadBuffer buffer, Int32 count, Boolean async, Boolean readingNotifications)
   at System.Runtime.CompilerServices.PoolingAsyncValueTaskMethodBuilder`1.StateMachineBox`1.System.Threading.Tasks.Sources.IValueTaskSource.GetResult(Int16 token)
   at Npgsql.Internal.NpgsqlConnector.ReadMessageLong(Boolean async, DataRowLoadingMode dataRowLoadingMode, Boolean readingNotifications, Boolean isReadingPrependedMessage)
   at System.Runtime.CompilerServices.PoolingAsyncValueTaskMethodBuilder`1.StateMachineBox`1.System.Threading.Tasks.Sources.IValueTaskSource<TResult>.GetResult(Int16 token)
   at Npgsql.Internal.NpgsqlConnector.ReadMessageLong(Boolean async, DataRowLoadingMode dataRowLoadingMode, Boolean readingNotifications, Boolean isReadingPrependedMessage)
   at System.Runtime.CompilerServices.PoolingAsyncValueTaskMethodBuilder`1.StateMachineBox`1.System.Threading.Tasks.Sources.IValueTaskSource<TResult>.GetResult(Int16 token)
   at Npgsql.NpgsqlDataReader.NextResult(Boolean async, Boolean isConsuming, CancellationToken cancellationToken)
   at Npgsql.NpgsqlDataReader.NextResult(Boolean async, Boolean isConsuming, CancellationToken cancellationToken)
   at Npgsql.NpgsqlCommand.ExecuteReader(Boolean async, CommandBehavior behavior, CancellationToken cancellationToken)
   at Npgsql.NpgsqlCommand.ExecuteReader(Boolean async, CommandBehavior behavior, CancellationToken cancellationToken)
   at Npgsql.NpgsqlCommand.ExecuteDbDataReaderAsync(CommandBehavior behavior, CancellationToken cancellationToken)
   at Microsoft.EntityFrameworkCore.Storage.RelationalCommand.ExecuteReaderAsync(RelationalCommandParameterObject parameterObject, CancellationToken cancellationToken)
   at Microsoft.EntityFrameworkCore.Storage.RelationalCommand.ExecuteReaderAsync(RelationalCommandParameterObject parameterObject, CancellationToken cancellationToken)
   at Microsoft.EntityFrameworkCore.Update.ReaderModificationCommandBatch.ExecuteAsync(IRelationalConnection connection, CancellationToken cancellationToken)
   --- End of inner exception stack trace ---
   at Microsoft.EntityFrameworkCore.Update.ReaderModificationCommandBatch.ExecuteAsync(IRelationalConnection connection, CancellationToken cancellationToken)
   at Microsoft.EntityFrameworkCore.Update.Internal.BatchExecutor.ExecuteAsync(IEnumerable`1 commandBatches, IRelationalConnection connection, CancellationToken cancellationToken)
   at Microsoft.EntityFrameworkCore.Update.Internal.BatchExecutor.ExecuteAsync(IEnumerable`1 commandBatches, IRelationalConnection connection, CancellationToken cancellationToken)
   at Microsoft.EntityFrameworkCore.Update.Internal.BatchExecutor.ExecuteAsync(IEnumerable`1 commandBatches, IRelationalConnection connection, CancellationToken cancellationToken)
   at Microsoft.EntityFrameworkCore.Storage.RelationalDatabase.SaveChangesAsync(IList`1 entries, CancellationToken cancellationToken)
   at Microsoft.EntityFrameworkCore.ChangeTracking.Internal.StateManager.SaveChangesAsync(IList`1 entriesToSave, CancellationToken cancellationToken)
   at Microsoft.EntityFrameworkCore.ChangeTracking.Internal.StateManager.SaveChangesAsync(StateManager stateManager, Boolean acceptAllChangesOnSuccess, CancellationToken cancellationToken)
   at Npgsql.EntityFrameworkCore.PostgreSQL.Storage.Internal.NpgsqlExecutionStrategy.ExecuteAsync[TState,TResult](TState state, Func`4 operation, Func`4 verifySucceeded, CancellationToken cancellationToken)
   --- End of inner exception stack trace ---
   at Npgsql.EntityFrameworkCore.PostgreSQL.Storage.Internal.NpgsqlExecutionStrategy.ExecuteAsync[TState,TResult](TState state, Func`4 operation, Func`4 verifySucceeded, CancellationToken cancellationToken)
   at Microsoft.EntityFrameworkCore.DbContext.SaveChangesAsync(Boolean acceptAllChangesOnSuccess, CancellationToken cancellationToken)
System.InvalidOperationException: An exception has been raised that is likely due to a transient failure.
 ---> Microsoft.EntityFrameworkCore.DbUpdateException: An error occurred while saving the entity changes. See the inner exception for details.
 ---> Npgsql.NpgsqlException (0x80004005): Exception while reading from stream
 ---> System.IO.IOException: Unable to read data from the transport connection: Удаленный хост принудительно разорвал существующее подключение..
 ---> System.Net.Sockets.SocketException (10054): Удаленный хост принудительно разорвал существующее подключение.
   at System.Net.Sockets.Socket.AwaitableSocketAsyncEventArgs.CreateException(SocketError error, Boolean forAsyncThrow)
   at System.Net.Sockets.Socket.AwaitableSocketAsyncEventArgs.ReceiveAsync(Socket socket, CancellationToken cancellationToken)
   at System.Net.Sockets.Socket.ReceiveAsync(Memory`1 buffer, SocketFlags socketFlags, Boolean fromNetworkStream, CancellationToken cancellationToken)
   at System.Net.Sockets.NetworkStream.ReadAsync(Memory`1 buffer, CancellationToken cancellationToken)
   at Npgsql.Internal.NpgsqlReadBuffer.<Ensure>g__EnsureLong|55_0(NpgsqlReadBuffer buffer, Int32 count, Boolean async, Boolean readingNotifications)
   at System.Runtime.CompilerServices.PoolingAsyncValueTaskMethodBuilder`1.StateMachineBox`1.ExecutionContextCallback(Object s)
   at System.Threading.ExecutionContext.RunInternal(ExecutionContext executionContext, ContextCallback callback, Object state)
   at System.Runtime.CompilerServices.PoolingAsyncValueTaskMethodBuilder`1.StateMachineBox`1.MoveNext()
   at System.Net.Sockets.SocketAsyncEventArgs.<>c.<.cctor>b__173_0(UInt32 errorCode, UInt32 numBytes, NativeOverlapped* nativeOverlapped)
   at System.Threading.PortableThreadPool.IOCompletionPoller.Callback.Invoke(Event e)
   at System.Threading.ThreadPoolTypedWorkItemQueue`2.System.Threading.IThreadPoolWorkItem.Execute()
   at System.Threading.ThreadPoolWorkQueue.Dispatch()
   at System.Threading.PortableThreadPool.WorkerThread.WorkerThreadStart()
--- End of stack trace from previous location ---

   --- End of inner exception stack trace ---
   at Npgsql.Internal.NpgsqlReadBuffer.<Ensure>g__EnsureLong|55_0(NpgsqlReadBuffer buffer, Int32 count, Boolean async, Boolean readingNotifications)
   at Npgsql.Internal.NpgsqlReadBuffer.<Ensure>g__EnsureLong|55_0(NpgsqlReadBuffer buffer, Int32 count, Boolean async, Boolean readingNotifications)
   at System.Runtime.CompilerServices.PoolingAsyncValueTaskMethodBuilder`1.StateMachineBox`1.System.Threading.Tasks.Sources.IValueTaskSource.GetResult(Int16 token)
   at Npgsql.Internal.NpgsqlConnector.ReadMessageLong(Boolean async, DataRowLoadingMode dataRowLoadingMode, Boolean readingNotifications, Boolean isReadingPrependedMessage)
   at System.Runtime.CompilerServices.PoolingAsyncValueTaskMethodBuilder`1.StateMachineBox`1.System.Threading.Tasks.Sources.IValueTaskSource<TResult>.GetResult(Int16 token)
   at Npgsql.Internal.NpgsqlConnector.ReadMessageLong(Boolean async, DataRowLoadingMode dataRowLoadingMode, Boolean readingNotifications, Boolean isReadingPrependedMessage)
   at System.Runtime.CompilerServices.PoolingAsyncValueTaskMethodBuilder`1.StateMachineBox`1.System.Threading.Tasks.Sources.IValueTaskSource<TResult>.GetResult(Int16 token)
   at Npgsql.NpgsqlDataReader.NextResult(Boolean async, Boolean isConsuming, CancellationToken cancellationToken)
   at Npgsql.NpgsqlDataReader.NextResult(Boolean async, Boolean isConsuming, CancellationToken cancellationToken)
   at Npgsql.NpgsqlCommand.ExecuteReader(Boolean async, CommandBehavior behavior, CancellationToken cancellationToken)
   at Npgsql.NpgsqlCommand.ExecuteReader(Boolean async, CommandBehavior behavior, CancellationToken cancellationToken)
   at Npgsql.NpgsqlCommand.ExecuteDbDataReaderAsync(CommandBehavior behavior, CancellationToken cancellationToken)
   at Microsoft.EntityFrameworkCore.Storage.RelationalCommand.ExecuteReaderAsync(RelationalCommandParameterObject parameterObject, CancellationToken cancellationToken)
   at Microsoft.EntityFrameworkCore.Storage.RelationalCommand.ExecuteReaderAsync(RelationalCommandParameterObject parameterObject, CancellationToken cancellationToken)
   at Microsoft.EntityFrameworkCore.Update.ReaderModificationCommandBatch.ExecuteAsync(IRelationalConnection connection, CancellationToken cancellationToken)
   --- End of inner exception stack trace ---
   at Microsoft.EntityFrameworkCore.Update.ReaderModificationCommandBatch.ExecuteAsync(IRelationalConnection connection, CancellationToken cancellationToken)
   at Microsoft.EntityFrameworkCore.Update.Internal.BatchExecutor.ExecuteAsync(IEnumerable`1 commandBatches, IRelationalConnection connection, CancellationToken cancellationToken)
   at Microsoft.EntityFrameworkCore.Update.Internal.BatchExecutor.ExecuteAsync(IEnumerable`1 commandBatches, IRelationalConnection connection, CancellationToken cancellationToken)
   at Microsoft.EntityFrameworkCore.Update.Internal.BatchExecutor.ExecuteAsync(IEnumerable`1 commandBatches, IRelationalConnection connection, CancellationToken cancellationToken)
   at Microsoft.EntityFrameworkCore.Storage.RelationalDatabase.SaveChangesAsync(IList`1 entries, CancellationToken cancellationToken)
   at Microsoft.EntityFrameworkCore.ChangeTracking.Internal.StateManager.SaveChangesAsync(IList`1 entriesToSave, CancellationToken cancellationToken)
   at Microsoft.EntityFrameworkCore.ChangeTracking.Internal.StateManager.SaveChangesAsync(StateManager stateManager, Boolean acceptAllChangesOnSuccess, CancellationToken cancellationToken)
   at Npgsql.EntityFrameworkCore.PostgreSQL.Storage.Internal.NpgsqlExecutionStrategy.ExecuteAsync[TState,TResult](TState state, Func`4 operation, Func`4 verifySucceeded, CancellationToken cancellationToken)
   --- End of inner exception stack trace ---
   at Npgsql.EntityFrameworkCore.PostgreSQL.Storage.Internal.NpgsqlExecutionStrategy.ExecuteAsync[TState,TResult](TState state, Func`4 operation, Func`4 verifySucceeded, CancellationToken cancellationToken)
   at Microsoft.EntityFrameworkCore.DbContext.SaveChangesAsync(Boolean acceptAllChangesOnSuccess, CancellationToken cancellationToken)
2026-01-13 20:18:36,147 ERROR Microsoft.AspNetCore.Diagnostics.DeveloperExceptionPageMiddleware - An unhandled exception has occurred while executing the request.
System.InvalidOperationException: An exception has been raised that is likely due to a transient failure.
 ---> Microsoft.EntityFrameworkCore.DbUpdateException: An error occurred while saving the entity changes. See the inner exception for details.
 ---> Npgsql.NpgsqlException (0x80004005): Exception while reading from stream
 ---> System.IO.IOException: Unable to read data from the transport connection: Удаленный хост принудительно разорвал существующее подключение..
 ---> System.Net.Sockets.SocketException (10054): Удаленный хост принудительно разорвал существующее подключение.
   at System.Net.Sockets.Socket.AwaitableSocketAsyncEventArgs.CreateException(SocketError error, Boolean forAsyncThrow)
   at System.Net.Sockets.Socket.AwaitableSocketAsyncEventArgs.ReceiveAsync(Socket socket, CancellationToken cancellationToken)
   at System.Net.Sockets.Socket.ReceiveAsync(Memory`1 buffer, SocketFlags socketFlags, Boolean fromNetworkStream, CancellationToken cancellationToken)
   at System.Net.Sockets.NetworkStream.ReadAsync(Memory`1 buffer, CancellationToken cancellationToken)
   at Npgsql.Internal.NpgsqlReadBuffer.<Ensure>g__EnsureLong|55_0(NpgsqlReadBuffer buffer, Int32 count, Boolean async, Boolean readingNotifications)
   at System.Runtime.CompilerServices.PoolingAsyncValueTaskMethodBuilder`1.StateMachineBox`1.ExecutionContextCallback(Object s)
   at System.Threading.ExecutionContext.RunInternal(ExecutionContext executionContext, ContextCallback callback, Object state)
   at System.Runtime.CompilerServices.PoolingAsyncValueTaskMethodBuilder`1.StateMachineBox`1.MoveNext()
   at System.Net.Sockets.SocketAsyncEventArgs.<>c.<.cctor>b__173_0(UInt32 errorCode, UInt32 numBytes, NativeOverlapped* nativeOverlapped)
   at System.Threading.PortableThreadPool.IOCompletionPoller.Callback.Invoke(Event e)
   at System.Threading.ThreadPoolTypedWorkItemQueue`2.System.Threading.IThreadPoolWorkItem.Execute()
   at System.Threading.ThreadPoolWorkQueue.Dispatch()
   at System.Threading.PortableThreadPool.WorkerThread.WorkerThreadStart()
--- End of stack trace from previous location ---

   --- End of inner exception stack trace ---
   at Npgsql.Internal.NpgsqlReadBuffer.<Ensure>g__EnsureLong|55_0(NpgsqlReadBuffer buffer, Int32 count, Boolean async, Boolean readingNotifications)
   at Npgsql.Internal.NpgsqlReadBuffer.<Ensure>g__EnsureLong|55_0(NpgsqlReadBuffer buffer, Int32 count, Boolean async, Boolean readingNotifications)
   at System.Runtime.CompilerServices.PoolingAsyncValueTaskMethodBuilder`1.StateMachineBox`1.System.Threading.Tasks.Sources.IValueTaskSource.GetResult(Int16 token)
   at Npgsql.Internal.NpgsqlConnector.ReadMessageLong(Boolean async, DataRowLoadingMode dataRowLoadingMode, Boolean readingNotifications, Boolean isReadingPrependedMessage)
   at System.Runtime.CompilerServices.PoolingAsyncValueTaskMethodBuilder`1.StateMachineBox`1.System.Threading.Tasks.Sources.IValueTaskSource<TResult>.GetResult(Int16 token)
   at Npgsql.Internal.NpgsqlConnector.ReadMessageLong(Boolean async, DataRowLoadingMode dataRowLoadingMode, Boolean readingNotifications, Boolean isReadingPrependedMessage)
   at System.Runtime.CompilerServices.PoolingAsyncValueTaskMethodBuilder`1.StateMachineBox`1.System.Threading.Tasks.Sources.IValueTaskSource<TResult>.GetResult(Int16 token)
   at Npgsql.NpgsqlDataReader.NextResult(Boolean async, Boolean isConsuming, CancellationToken cancellationToken)
   at Npgsql.NpgsqlDataReader.NextResult(Boolean async, Boolean isConsuming, CancellationToken cancellationToken)
   at Npgsql.NpgsqlCommand.ExecuteReader(Boolean async, CommandBehavior behavior, CancellationToken cancellationToken)
   at Npgsql.NpgsqlCommand.ExecuteReader(Boolean async, CommandBehavior behavior, CancellationToken cancellationToken)
   at Npgsql.NpgsqlCommand.ExecuteDbDataReaderAsync(CommandBehavior behavior, CancellationToken cancellationToken)
   at Microsoft.EntityFrameworkCore.Storage.RelationalCommand.ExecuteReaderAsync(RelationalCommandParameterObject parameterObject, CancellationToken cancellationToken)
   at Microsoft.EntityFrameworkCore.Storage.RelationalCommand.ExecuteReaderAsync(RelationalCommandParameterObject parameterObject, CancellationToken cancellationToken)
   at Microsoft.EntityFrameworkCore.Update.ReaderModificationCommandBatch.ExecuteAsync(IRelationalConnection connection, CancellationToken cancellationToken)
   --- End of inner exception stack trace ---
   at Microsoft.EntityFrameworkCore.Update.ReaderModificationCommandBatch.ExecuteAsync(IRelationalConnection connection, CancellationToken cancellationToken)
   at Microsoft.EntityFrameworkCore.Update.Internal.BatchExecutor.ExecuteAsync(IEnumerable`1 commandBatches, IRelationalConnection connection, CancellationToken cancellationToken)
   at Microsoft.EntityFrameworkCore.Update.Internal.BatchExecutor.ExecuteAsync(IEnumerable`1 commandBatches, IRelationalConnection connection, CancellationToken cancellationToken)
   at Microsoft.EntityFrameworkCore.Update.Internal.BatchExecutor.ExecuteAsync(IEnumerable`1 commandBatches, IRelationalConnection connection, CancellationToken cancellationToken)
   at Microsoft.EntityFrameworkCore.Storage.RelationalDatabase.SaveChangesAsync(IList`1 entries, CancellationToken cancellationToken)
   at Microsoft.EntityFrameworkCore.ChangeTracking.Internal.StateManager.SaveChangesAsync(IList`1 entriesToSave, CancellationToken cancellationToken)
   at Microsoft.EntityFrameworkCore.ChangeTracking.Internal.StateManager.SaveChangesAsync(StateManager stateManager, Boolean acceptAllChangesOnSuccess, CancellationToken cancellationToken)
   at Npgsql.EntityFrameworkCore.PostgreSQL.Storage.Internal.NpgsqlExecutionStrategy.ExecuteAsync[TState,TResult](TState state, Func`4 operation, Func`4 verifySucceeded, CancellationToken cancellationToken)
   --- End of inner exception stack trace ---
   at Npgsql.EntityFrameworkCore.PostgreSQL.Storage.Internal.NpgsqlExecutionStrategy.ExecuteAsync[TState,TResult](TState state, Func`4 operation, Func`4 verifySucceeded, CancellationToken cancellationToken)
   at Microsoft.EntityFrameworkCore.DbContext.SaveChangesAsync(Boolean acceptAllChangesOnSuccess, CancellationToken cancellationToken)
   at Microsoft.EntityFrameworkCore.DbContext.SaveChangesAsync(Boolean acceptAllChangesOnSuccess, CancellationToken cancellationToken)
   at rentVPSmicroservices.microserviceConfigs.Controllers.ConfigurationsController.PostConfiguration(Configuration configuration) in D:\university-3c5s\tp\lab-6\rentVPSmicroservices\rentVPSmicroservices.microserviceConfigs\Controllers\ConfigurationsController.cs:line 88
   at lambda_method68(Closure, Object)
   at Microsoft.AspNetCore.Mvc.Infrastructure.ActionMethodExecutor.AwaitableObjectResultExecutor.Execute(ActionContext actionContext, IActionResultTypeMapper mapper, ObjectMethodExecutor executor, Object controller, Object[] arguments)
   at Microsoft.AspNetCore.Mvc.Infrastructure.ControllerActionInvoker.<InvokeActionMethodAsync>g__Awaited|12_0(ControllerActionInvoker invoker, ValueTask`1 actionResultValueTask)
   at Microsoft.AspNetCore.Mvc.Infrastructure.ControllerActionInvoker.<InvokeNextActionFilterAsync>g__Awaited|10_0(ControllerActionInvoker invoker, Task lastTask, State next, Scope scope, Object state, Boolean isCompleted)
   at Microsoft.AspNetCore.Mvc.Infrastructure.ControllerActionInvoker.Rethrow(ActionExecutedContextSealed context)
   at Microsoft.AspNetCore.Mvc.Infrastructure.ControllerActionInvoker.Next(State& next, Scope& scope, Object& state, Boolean& isCompleted)
   at Microsoft.AspNetCore.Mvc.Infrastructure.ControllerActionInvoker.<InvokeInnerFilterAsync>g__Awaited|13_0(ControllerActionInvoker invoker, Task lastTask, State next, Scope scope, Object state, Boolean isCompleted)
   at Microsoft.AspNetCore.Mvc.Infrastructure.ResourceInvoker.<InvokeFilterPipelineAsync>g__Awaited|20_0(ResourceInvoker invoker, Task lastTask, State next, Scope scope, Object state, Boolean isCompleted)
   at Microsoft.AspNetCore.Mvc.Infrastructure.ResourceInvoker.<InvokeAsync>g__Awaited|17_0(ResourceInvoker invoker, Task task, IDisposable scope)
   at Microsoft.AspNetCore.Mvc.Infrastructure.ResourceInvoker.<InvokeAsync>g__Awaited|17_0(ResourceInvoker invoker, Task task, IDisposable scope)
   at Microsoft.AspNetCore.Authorization.AuthorizationMiddleware.Invoke(HttpContext context)
   at Swashbuckle.AspNetCore.SwaggerUI.SwaggerUIMiddleware.Invoke(HttpContext httpContext)
   at Swashbuckle.AspNetCore.Swagger.SwaggerMiddleware.Invoke(HttpContext httpContext, ISwaggerProvider swaggerProvider)
   at Microsoft.AspNetCore.Authentication.AuthenticationMiddleware.Invoke(HttpContext context)
   at Microsoft.AspNetCore.Diagnostics.DeveloperExceptionPageMiddlewareImpl.Invoke(HttpContext context)
2026-01-13 20:18:39,336 INFO rentVPSmicroservices.microserviceConfigs.Controllers.ConfigurationsController - Был вызван метод PostConfiguration()
2026-01-13 20:18:39,446 INFO Microsoft.EntityFrameworkCore.Database.Command - Executed DbCommand (12ms) [Parameters=[@p0='?' (DbType = Guid), @p1='?' (DbType = Single), @p2='?', @p3='?', @p4='?' (DbType = Int32), @p5='?', @p6='?' (DbType = Int32), @p7='?' (DbType = Int32)], CommandType='Text', CommandTimeout='30']
INSERT INTO "Configurations" ("Id", "CPU_ghz", "CPU_name", "GPU_name", "GPU_vram", "OS", "RAM", disk_size)
VALUES (@p0, @p1, @p2, @p3, @p4, @p5, @p6, @p7);
2026-01-13 20:18:39,450 INFO rentVPSmicroservices.microserviceConfigs.Controllers.ConfigurationsController - Была добавлена новая конфигурация под id 3fa85f64-5717-4562-b3fc-2c963f66afa6
2026-01-13 20:18:39,464 ERROR Microsoft.AspNetCore.Diagnostics.DeveloperExceptionPageMiddleware - An unhandled exception has occurred while executing the request.
System.InvalidOperationException: No route matches the supplied values.
   at Microsoft.AspNetCore.Mvc.CreatedAtActionResult.OnFormatting(ActionContext context)
   at Microsoft.AspNetCore.Mvc.Infrastructure.ObjectResultExecutor.ExecuteAsyncCore(ActionContext context, ObjectResult result, Type objectType, Object value)
   at Microsoft.AspNetCore.Mvc.Infrastructure.ObjectResultExecutor.ExecuteAsync(ActionContext context, ObjectResult result)
   at Microsoft.AspNetCore.Mvc.Infrastructure.ResourceInvoker.ResultNext[TFilter,TFilterAsync](State& next, Scope& scope, Object& state, Boolean& isCompleted)
   at Microsoft.AspNetCore.Mvc.Infrastructure.ResourceInvoker.InvokeNextResultFilterAsync[TFilter,TFilterAsync]()
--- End of stack trace from previous location ---
   at Microsoft.AspNetCore.Mvc.Infrastructure.ResourceInvoker.Rethrow(ResultExecutedContextSealed context)
   at Microsoft.AspNetCore.Mvc.Infrastructure.ResourceInvoker.ResultNext[TFilter,TFilterAsync](State& next, Scope& scope, Object& state, Boolean& isCompleted)
   at Microsoft.AspNetCore.Mvc.Infrastructure.ResourceInvoker.InvokeResultFilters()
--- End of stack trace from previous location ---
   at Microsoft.AspNetCore.Mvc.Infrastructure.ResourceInvoker.<InvokeFilterPipelineAsync>g__Awaited|20_0(ResourceInvoker invoker, Task lastTask, State next, Scope scope, Object state, Boolean isCompleted)
   at Microsoft.AspNetCore.Mvc.Infrastructure.ResourceInvoker.<InvokeAsync>g__Awaited|17_0(ResourceInvoker invoker, Task task, IDisposable scope)
   at Microsoft.AspNetCore.Mvc.Infrastructure.ResourceInvoker.<InvokeAsync>g__Awaited|17_0(ResourceInvoker invoker, Task task, IDisposable scope)
   at Microsoft.AspNetCore.Authorization.AuthorizationMiddleware.Invoke(HttpContext context)
   at Swashbuckle.AspNetCore.SwaggerUI.SwaggerUIMiddleware.Invoke(HttpContext httpContext)
   at Swashbuckle.AspNetCore.Swagger.SwaggerMiddleware.Invoke(HttpContext httpContext, ISwaggerProvider swaggerProvider)
   at Microsoft.AspNetCore.Authentication.AuthenticationMiddleware.Invoke(HttpContext context)
   at Microsoft.AspNetCore.Diagnostics.DeveloperExceptionPageMiddlewareImpl.Invoke(HttpContext context)
2026-01-13 20:18:52,650 INFO rentVPSmicroservices.microserviceConfigs.Controllers.ConfigurationsController - Был вызван метод PostConfiguration()
2026-01-13 20:18:52,736 INFO Microsoft.EntityFrameworkCore.Database.Command - Executed DbCommand (81ms) [Parameters=[@p0='?' (DbType = Guid), @p1='?' (DbType = Single), @p2='?', @p3='?', @p4='?' (DbType = Int32), @p5='?', @p6='?' (DbType = Int32), @p7='?' (DbType = Int32)], CommandType='Text', CommandTimeout='30']
INSERT INTO "Configurations" ("Id", "CPU_ghz", "CPU_name", "GPU_name", "GPU_vram", "OS", "RAM", disk_size)
VALUES (@p0, @p1, @p2, @p3, @p4, @p5, @p6, @p7);
2026-01-13 20:18:52,736 INFO rentVPSmicroservices.microserviceConfigs.Controllers.ConfigurationsController - Была добавлена новая конфигурация под id 019bb85e-16eb-7265-9a8f-1bb576d3c759
2026-01-13 20:18:52,738 ERROR Microsoft.AspNetCore.Diagnostics.DeveloperExceptionPageMiddleware - An unhandled exception has occurred while executing the request.
System.InvalidOperationException: No route matches the supplied values.
   at Microsoft.AspNetCore.Mvc.CreatedAtActionResult.OnFormatting(ActionContext context)
   at Microsoft.AspNetCore.Mvc.Infrastructure.ObjectResultExecutor.ExecuteAsyncCore(ActionContext context, ObjectResult result, Type objectType, Object value)
   at Microsoft.AspNetCore.Mvc.Infrastructure.ObjectResultExecutor.ExecuteAsync(ActionContext context, ObjectResult result)
   at Microsoft.AspNetCore.Mvc.Infrastructure.ResourceInvoker.ResultNext[TFilter,TFilterAsync](State& next, Scope& scope, Object& state, Boolean& isCompleted)
   at Microsoft.AspNetCore.Mvc.Infrastructure.ResourceInvoker.InvokeNextResultFilterAsync[TFilter,TFilterAsync]()
--- End of stack trace from previous location ---
   at Microsoft.AspNetCore.Mvc.Infrastructure.ResourceInvoker.Rethrow(ResultExecutedContextSealed context)
   at Microsoft.AspNetCore.Mvc.Infrastructure.ResourceInvoker.ResultNext[TFilter,TFilterAsync](State& next, Scope& scope, Object& state, Boolean& isCompleted)
   at Microsoft.AspNetCore.Mvc.Infrastructure.ResourceInvoker.InvokeResultFilters()
--- End of stack trace from previous location ---
   at Microsoft.AspNetCore.Mvc.Infrastructure.ResourceInvoker.<InvokeFilterPipelineAsync>g__Awaited|20_0(ResourceInvoker invoker, Task lastTask, State next, Scope scope, Object state, Boolean isCompleted)
   at Microsoft.AspNetCore.Mvc.Infrastructure.ResourceInvoker.<InvokeAsync>g__Awaited|17_0(ResourceInvoker invoker, Task task, IDisposable scope)
   at Microsoft.AspNetCore.Mvc.Infrastructure.ResourceInvoker.<InvokeAsync>g__Awaited|17_0(ResourceInvoker invoker, Task task, IDisposable scope)
   at Microsoft.AspNetCore.Authorization.AuthorizationMiddleware.Invoke(HttpContext context)
   at Swashbuckle.AspNetCore.SwaggerUI.SwaggerUIMiddleware.Invoke(HttpContext httpContext)
   at Swashbuckle.AspNetCore.Swagger.SwaggerMiddleware.Invoke(HttpContext httpContext, ISwaggerProvider swaggerProvider)
   at Microsoft.AspNetCore.Authentication.AuthenticationMiddleware.Invoke(HttpContext context)
   at Microsoft.AspNetCore.Diagnostics.DeveloperExceptionPageMiddlewareImpl.Invoke(HttpContext context)
2026-01-13 20:19:06,069 INFO rentVPSmicroservices.microserviceConfigs.Controllers.ConfigurationsController - Был вызван метод PostConfiguration()
2026-01-13 20:19:06,235 INFO Microsoft.EntityFrameworkCore.Database.Command - Executed DbCommand (165ms) [Parameters=[@p0='?' (DbType = Guid), @p1='?' (DbType = Single), @p2='?', @p3='?', @p4='?' (DbType = Int32), @p5='?', @p6='?' (DbType = Int32), @p7='?' (DbType = Int32)], CommandType='Text', CommandTimeout='30']
INSERT INTO "Configurations" ("Id", "CPU_ghz", "CPU_name", "GPU_name", "GPU_vram", "OS", "RAM", disk_size)
VALUES (@p0, @p1, @p2, @p3, @p4, @p5, @p6, @p7);
2026-01-13 20:19:06,235 INFO rentVPSmicroservices.microserviceConfigs.Controllers.ConfigurationsController - Была добавлена новая конфигурация под id 019bb85e-4b56-7166-940b-b1ab9cc23be7
2026-01-13 20:19:06,237 ERROR Microsoft.AspNetCore.Diagnostics.DeveloperExceptionPageMiddleware - An unhandled exception has occurred while executing the request.
System.InvalidOperationException: No route matches the supplied values.
   at Microsoft.AspNetCore.Mvc.CreatedAtActionResult.OnFormatting(ActionContext context)
   at Microsoft.AspNetCore.Mvc.Infrastructure.ObjectResultExecutor.ExecuteAsyncCore(ActionContext context, ObjectResult result, Type objectType, Object value)
   at Microsoft.AspNetCore.Mvc.Infrastructure.ObjectResultExecutor.ExecuteAsync(ActionContext context, ObjectResult result)
   at Microsoft.AspNetCore.Mvc.Infrastructure.ResourceInvoker.ResultNext[TFilter,TFilterAsync](State& next, Scope& scope, Object& state, Boolean& isCompleted)
   at Microsoft.AspNetCore.Mvc.Infrastructure.ResourceInvoker.InvokeNextResultFilterAsync[TFilter,TFilterAsync]()
--- End of stack trace from previous location ---
   at Microsoft.AspNetCore.Mvc.Infrastructure.ResourceInvoker.Rethrow(ResultExecutedContextSealed context)
   at Microsoft.AspNetCore.Mvc.Infrastructure.ResourceInvoker.ResultNext[TFilter,TFilterAsync](State& next, Scope& scope, Object& state, Boolean& isCompleted)
   at Microsoft.AspNetCore.Mvc.Infrastructure.ResourceInvoker.InvokeResultFilters()
--- End of stack trace from previous location ---
   at Microsoft.AspNetCore.Mvc.Infrastructure.ResourceInvoker.<InvokeFilterPipelineAsync>g__Awaited|20_0(ResourceInvoker invoker, Task lastTask, State next, Scope scope, Object state, Boolean isCompleted)
   at Microsoft.AspNetCore.Mvc.Infrastructure.ResourceInvoker.<InvokeAsync>g__Awaited|17_0(ResourceInvoker invoker, Task task, IDisposable scope)
   at Microsoft.AspNetCore.Mvc.Infrastructure.ResourceInvoker.<InvokeAsync>g__Awaited|17_0(ResourceInvoker invoker, Task task, IDisposable scope)
   at Microsoft.AspNetCore.Authorization.AuthorizationMiddleware.Invoke(HttpContext context)
   at Swashbuckle.AspNetCore.SwaggerUI.SwaggerUIMiddleware.Invoke(HttpContext httpContext)
   at Swashbuckle.AspNetCore.Swagger.SwaggerMiddleware.Invoke(HttpContext httpContext, ISwaggerProvider swaggerProvider)
   at Microsoft.AspNetCore.Authentication.AuthenticationMiddleware.Invoke(HttpContext context)
   at Microsoft.AspNetCore.Diagnostics.DeveloperExceptionPageMiddlewareImpl.Invoke(HttpContext context)
2026-01-13 20:19:07,451 INFO rentVPSmicroservices.microserviceConfigs.Controllers.ConfigurationsController - Был вызван метод PostConfiguration()
2026-01-13 20:19:07,476 INFO Microsoft.EntityFrameworkCore.Database.Command - Executed DbCommand (24ms) [Parameters=[@p0='?' (DbType = Guid), @p1='?' (DbType = Single), @p2='?', @p3='?', @p4='?' (DbType = Int32), @p5='?', @p6='?' (DbType = Int32), @p7='?' (DbType = Int32)], CommandType='Text', CommandTimeout='30']
INSERT INTO "Configurations" ("Id", "CPU_ghz", "CPU_name", "GPU_name", "GPU_vram", "OS", "RAM", disk_size)
VALUES (@p0, @p1, @p2, @p3, @p4, @p5, @p6, @p7);
2026-01-13 20:19:07,476 INFO rentVPSmicroservices.microserviceConfigs.Controllers.ConfigurationsController - Была добавлена новая конфигурация под id 019bb85e-50bb-7ed3-b8c3-9cbb44866880
2026-01-13 20:19:07,477 ERROR Microsoft.AspNetCore.Diagnostics.DeveloperExceptionPageMiddleware - An unhandled exception has occurred while executing the request.
System.InvalidOperationException: No route matches the supplied values.
   at Microsoft.AspNetCore.Mvc.CreatedAtActionResult.OnFormatting(ActionContext context)
   at Microsoft.AspNetCore.Mvc.Infrastructure.ObjectResultExecutor.ExecuteAsyncCore(ActionContext context, ObjectResult result, Type objectType, Object value)
   at Microsoft.AspNetCore.Mvc.Infrastructure.ObjectResultExecutor.ExecuteAsync(ActionContext context, ObjectResult result)
   at Microsoft.AspNetCore.Mvc.Infrastructure.ResourceInvoker.ResultNext[TFilter,TFilterAsync](State& next, Scope& scope, Object& state, Boolean& isCompleted)
   at Microsoft.AspNetCore.Mvc.Infrastructure.ResourceInvoker.InvokeNextResultFilterAsync[TFilter,TFilterAsync]()
--- End of stack trace from previous location ---
   at Microsoft.AspNetCore.Mvc.Infrastructure.ResourceInvoker.Rethrow(ResultExecutedContextSealed context)
   at Microsoft.AspNetCore.Mvc.Infrastructure.ResourceInvoker.ResultNext[TFilter,TFilterAsync](State& next, Scope& scope, Object& state, Boolean& isCompleted)
   at Microsoft.AspNetCore.Mvc.Infrastructure.ResourceInvoker.InvokeResultFilters()
--- End of stack trace from previous location ---
   at Microsoft.AspNetCore.Mvc.Infrastructure.ResourceInvoker.<InvokeFilterPipelineAsync>g__Awaited|20_0(ResourceInvoker invoker, Task lastTask, State next, Scope scope, Object state, Boolean isCompleted)
   at Microsoft.AspNetCore.Mvc.Infrastructure.ResourceInvoker.<InvokeAsync>g__Awaited|17_0(ResourceInvoker invoker, Task task, IDisposable scope)
   at Microsoft.AspNetCore.Mvc.Infrastructure.ResourceInvoker.<InvokeAsync>g__Awaited|17_0(ResourceInvoker invoker, Task task, IDisposable scope)
   at Microsoft.AspNetCore.Authorization.AuthorizationMiddleware.Invoke(HttpContext context)
   at Swashbuckle.AspNetCore.SwaggerUI.SwaggerUIMiddleware.Invoke(HttpContext httpContext)
   at Swashbuckle.AspNetCore.Swagger.SwaggerMiddleware.Invoke(HttpContext httpContext, ISwaggerProvider swaggerProvider)
   at Microsoft.AspNetCore.Authentication.AuthenticationMiddleware.Invoke(HttpContext context)
   at Microsoft.AspNetCore.Diagnostics.DeveloperExceptionPageMiddlewareImpl.Invoke(HttpContext context)
2026-01-13 20:19:07,942 INFO rentVPSmicroservices.microserviceConfigs.Controllers.ConfigurationsController - Был вызван метод PostConfiguration()
2026-01-13 20:19:07,988 INFO Microsoft.EntityFrameworkCore.Database.Command - Executed DbCommand (44ms) [Parameters=[@p0='?' (DbType = Guid), @p1='?' (DbType = Single), @p2='?', @p3='?', @p4='?' (DbType = Int32), @p5='?', @p6='?' (DbType = Int32), @p7='?' (DbType = Int32)], CommandType='Text', CommandTimeout='30']
INSERT INTO "Configurations" ("Id", "CPU_ghz", "CPU_name", "GPU_name", "GPU_vram", "OS", "RAM", disk_size)
VALUES (@p0, @p1, @p2, @p3, @p4, @p5, @p6, @p7);
2026-01-13 20:19:07,988 INFO rentVPSmicroservices.microserviceConfigs.Controllers.ConfigurationsController - Была добавлена новая конфигурация под id 019bb85e-52a6-7f5f-9672-6a091a86d03a
2026-01-13 20:19:07,989 ERROR Microsoft.AspNetCore.Diagnostics.DeveloperExceptionPageMiddleware - An unhandled exception has occurred while executing the request.
System.InvalidOperationException: No route matches the supplied values.
   at Microsoft.AspNetCore.Mvc.CreatedAtActionResult.OnFormatting(ActionContext context)
   at Microsoft.AspNetCore.Mvc.Infrastructure.ObjectResultExecutor.ExecuteAsyncCore(ActionContext context, ObjectResult result, Type objectType, Object value)
   at Microsoft.AspNetCore.Mvc.Infrastructure.ObjectResultExecutor.ExecuteAsync(ActionContext context, ObjectResult result)
   at Microsoft.AspNetCore.Mvc.Infrastructure.ResourceInvoker.ResultNext[TFilter,TFilterAsync](State& next, Scope& scope, Object& state, Boolean& isCompleted)
   at Microsoft.AspNetCore.Mvc.Infrastructure.ResourceInvoker.InvokeNextResultFilterAsync[TFilter,TFilterAsync]()
--- End of stack trace from previous location ---
   at Microsoft.AspNetCore.Mvc.Infrastructure.ResourceInvoker.Rethrow(ResultExecutedContextSealed context)
   at Microsoft.AspNetCore.Mvc.Infrastructure.ResourceInvoker.ResultNext[TFilter,TFilterAsync](State& next, Scope& scope, Object& state, Boolean& isCompleted)
   at Microsoft.AspNetCore.Mvc.Infrastructure.ResourceInvoker.InvokeResultFilters()
--- End of stack trace from previous location ---
   at Microsoft.AspNetCore.Mvc.Infrastructure.ResourceInvoker.<InvokeFilterPipelineAsync>g__Awaited|20_0(ResourceInvoker invoker, Task lastTask, State next, Scope scope, Object state, Boolean isCompleted)
   at Microsoft.AspNetCore.Mvc.Infrastructure.ResourceInvoker.<InvokeAsync>g__Awaited|17_0(ResourceInvoker invoker, Task task, IDisposable scope)
   at Microsoft.AspNetCore.Mvc.Infrastructure.ResourceInvoker.<InvokeAsync>g__Awaited|17_0(ResourceInvoker invoker, Task task, IDisposable scope)
   at Microsoft.AspNetCore.Authorization.AuthorizationMiddleware.Invoke(HttpContext context)
   at Swashbuckle.AspNetCore.SwaggerUI.SwaggerUIMiddleware.Invoke(HttpContext httpContext)
   at Swashbuckle.AspNetCore.Swagger.SwaggerMiddleware.Invoke(HttpContext httpContext, ISwaggerProvider swaggerProvider)
   at Microsoft.AspNetCore.Authentication.AuthenticationMiddleware.Invoke(HttpContext context)
   at Microsoft.AspNetCore.Diagnostics.DeveloperExceptionPageMiddlewareImpl.Invoke(HttpContext context)
2026-01-13 20:19:09,175 INFO rentVPSmicroservices.microserviceConfigs.Controllers.ConfigurationsController - Был вызван метод PostConfiguration()
2026-01-13 20:19:09,219 INFO Microsoft.EntityFrameworkCore.Database.Command - Executed DbCommand (43ms) [Parameters=[@p0='?' (DbType = Guid), @p1='?' (DbType = Single), @p2='?', @p3='?', @p4='?' (DbType = Int32), @p5='?', @p6='?' (DbType = Int32), @p7='?' (DbType = Int32)], CommandType='Text', CommandTimeout='30']
INSERT INTO "Configurations" ("Id", "CPU_ghz", "CPU_name", "GPU_name", "GPU_vram", "OS", "RAM", disk_size)
VALUES (@p0, @p1, @p2, @p3, @p4, @p5, @p6, @p7);
2026-01-13 20:19:09,220 INFO rentVPSmicroservices.microserviceConfigs.Controllers.ConfigurationsController - Была добавлена новая конфигурация под id 019bb85e-5778-7955-814f-e449131a40cf
2026-01-13 20:19:09,221 ERROR Microsoft.AspNetCore.Diagnostics.DeveloperExceptionPageMiddleware - An unhandled exception has occurred while executing the request.
System.InvalidOperationException: No route matches the supplied values.
   at Microsoft.AspNetCore.Mvc.CreatedAtActionResult.OnFormatting(ActionContext context)
   at Microsoft.AspNetCore.Mvc.Infrastructure.ObjectResultExecutor.ExecuteAsyncCore(ActionContext context, ObjectResult result, Type objectType, Object value)
   at Microsoft.AspNetCore.Mvc.Infrastructure.ObjectResultExecutor.ExecuteAsync(ActionContext context, ObjectResult result)
   at Microsoft.AspNetCore.Mvc.Infrastructure.ResourceInvoker.ResultNext[TFilter,TFilterAsync](State& next, Scope& scope, Object& state, Boolean& isCompleted)
   at Microsoft.AspNetCore.Mvc.Infrastructure.ResourceInvoker.InvokeNextResultFilterAsync[TFilter,TFilterAsync]()
--- End of stack trace from previous location ---
   at Microsoft.AspNetCore.Mvc.Infrastructure.ResourceInvoker.Rethrow(ResultExecutedContextSealed context)
   at Microsoft.AspNetCore.Mvc.Infrastructure.ResourceInvoker.ResultNext[TFilter,TFilterAsync](State& next, Scope& scope, Object& state, Boolean& isCompleted)
   at Microsoft.AspNetCore.Mvc.Infrastructure.ResourceInvoker.InvokeResultFilters()
--- End of stack trace from previous location ---
   at Microsoft.AspNetCore.Mvc.Infrastructure.ResourceInvoker.<InvokeFilterPipelineAsync>g__Awaited|20_0(ResourceInvoker invoker, Task lastTask, State next, Scope scope, Object state, Boolean isCompleted)
   at Microsoft.AspNetCore.Mvc.Infrastructure.ResourceInvoker.<InvokeAsync>g__Awaited|17_0(ResourceInvoker invoker, Task task, IDisposable scope)
   at Microsoft.AspNetCore.Mvc.Infrastructure.ResourceInvoker.<InvokeAsync>g__Awaited|17_0(ResourceInvoker invoker, Task task, IDisposable scope)
   at Microsoft.AspNetCore.Authorization.AuthorizationMiddleware.Invoke(HttpContext context)
   at Swashbuckle.AspNetCore.SwaggerUI.SwaggerUIMiddleware.Invoke(HttpContext httpContext)
   at Swashbuckle.AspNetCore.Swagger.SwaggerMiddleware.Invoke(HttpContext httpContext, ISwaggerProvider swaggerProvider)
   at Microsoft.AspNetCore.Authentication.AuthenticationMiddleware.Invoke(HttpContext context)
   at Microsoft.AspNetCore.Diagnostics.DeveloperExceptionPageMiddlewareImpl.Invoke(HttpContext context)
2026-01-13 20:19:12,520 DEBUG Microsoft.AspNetCore.Watch.BrowserRefresh.BrowserRefreshMiddleware - Response markup is scheduled to include browser refresh script injection.
2026-01-13 20:19:12,521 DEBUG Microsoft.AspNetCore.Watch.BrowserRefresh.BrowserRefreshMiddleware - Response markup was updated to include browser refresh script injection.
2026-01-13 20:19:12,541 DEBUG Microsoft.AspNetCore.Watch.BrowserRefresh.BrowserScriptMiddleware - Script injected: /_framework/aspnetcore-browser-refresh.js
2026-01-13 20:19:16,456 INFO rentVPSmicroservices.microserviceConfigs.Controllers.ConfigurationsController - Был вызван метод PostConfiguration()
2026-01-13 20:19:16,488 ERROR Microsoft.EntityFrameworkCore.Database.Command - Failed executing DbCommand (31ms) [Parameters=[@p0='?' (DbType = Guid), @p1='?' (DbType = Single), @p2='?', @p3='?', @p4='?' (DbType = Int32), @p5='?', @p6='?' (DbType = Int32), @p7='?' (DbType = Int32)], CommandType='Text', CommandTimeout='30']
INSERT INTO "Configurations" ("Id", "CPU_ghz", "CPU_name", "GPU_name", "GPU_vram", "OS", "RAM", disk_size)
VALUES (@p0, @p1, @p2, @p3, @p4, @p5, @p6, @p7);
2026-01-13 20:19:16,494 ERROR Microsoft.EntityFrameworkCore.Update - An exception occurred in the database while saving changes for context type 'rentVPSmicroservices.microserviceConfig.Contexts.ConfigContext'.
Microsoft.EntityFrameworkCore.DbUpdateException: An error occurred while saving the entity changes. See the inner exception for details.
 ---> Npgsql.PostgresException (0x80004005): 23505: duplicate key value violates unique constraint "PK_Configurations"

DETAIL: Detail redacted as it may contain sensitive data. Specify 'Include Error Detail' in the connection string to include this information.
   at Npgsql.Internal.NpgsqlConnector.ReadMessageLong(Boolean async, DataRowLoadingMode dataRowLoadingMode, Boolean readingNotifications, Boolean isReadingPrependedMessage)
   at System.Runtime.CompilerServices.PoolingAsyncValueTaskMethodBuilder`1.StateMachineBox`1.System.Threading.Tasks.Sources.IValueTaskSource<TResult>.GetResult(Int16 token)
   at Npgsql.NpgsqlDataReader.NextResult(Boolean async, Boolean isConsuming, CancellationToken cancellationToken)
   at Npgsql.NpgsqlDataReader.NextResult(Boolean async, Boolean isConsuming, CancellationToken cancellationToken)
   at Npgsql.NpgsqlCommand.ExecuteReader(Boolean async, CommandBehavior behavior, CancellationToken cancellationToken)
   at Npgsql.NpgsqlCommand.ExecuteReader(Boolean async, CommandBehavior behavior, CancellationToken cancellationToken)
   at Npgsql.NpgsqlCommand.ExecuteDbDataReaderAsync(CommandBehavior behavior, CancellationToken cancellationToken)
   at Microsoft.EntityFrameworkCore.Storage.RelationalCommand.ExecuteReaderAsync(RelationalCommandParameterObject parameterObject, CancellationToken cancellationToken)
   at Microsoft.EntityFrameworkCore.Storage.RelationalCommand.ExecuteReaderAsync(RelationalCommandParameterObject parameterObject, CancellationToken cancellationToken)
   at Microsoft.EntityFrameworkCore.Update.ReaderModificationCommandBatch.ExecuteAsync(IRelationalConnection connection, CancellationToken cancellationToken)
  Exception data:
    Severity: ERROR
    SqlState: 23505
    MessageText: duplicate key value violates unique constraint "PK_Configurations"
    Detail: Detail redacted as it may contain sensitive data. Specify 'Include Error Detail' in the connection string to include this information.
    SchemaName: public
    TableName: Configurations
    ConstraintName: PK_Configurations
    File: nbtinsert.c
    Line: 664
    Routine: _bt_check_unique
   --- End of inner exception stack trace ---
   at Microsoft.EntityFrameworkCore.Update.ReaderModificationCommandBatch.ExecuteAsync(IRelationalConnection connection, CancellationToken cancellationToken)
   at Microsoft.EntityFrameworkCore.Update.Internal.BatchExecutor.ExecuteAsync(IEnumerable`1 commandBatches, IRelationalConnection connection, CancellationToken cancellationToken)
   at Microsoft.EntityFrameworkCore.Update.Internal.BatchExecutor.ExecuteAsync(IEnumerable`1 commandBatches, IRelationalConnection connection, CancellationToken cancellationToken)
   at Microsoft.EntityFrameworkCore.Update.Internal.BatchExecutor.ExecuteAsync(IEnumerable`1 commandBatches, IRelationalConnection connection, CancellationToken cancellationToken)
   at Microsoft.EntityFrameworkCore.Storage.RelationalDatabase.SaveChangesAsync(IList`1 entries, CancellationToken cancellationToken)
   at Microsoft.EntityFrameworkCore.ChangeTracking.Internal.StateManager.SaveChangesAsync(IList`1 entriesToSave, CancellationToken cancellationToken)
   at Microsoft.EntityFrameworkCore.ChangeTracking.Internal.StateManager.SaveChangesAsync(StateManager stateManager, Boolean acceptAllChangesOnSuccess, CancellationToken cancellationToken)
   at Npgsql.EntityFrameworkCore.PostgreSQL.Storage.Internal.NpgsqlExecutionStrategy.ExecuteAsync[TState,TResult](TState state, Func`4 operation, Func`4 verifySucceeded, CancellationToken cancellationToken)
   at Microsoft.EntityFrameworkCore.DbContext.SaveChangesAsync(Boolean acceptAllChangesOnSuccess, CancellationToken cancellationToken)
Microsoft.EntityFrameworkCore.DbUpdateException: An error occurred while saving the entity changes. See the inner exception for details.
 ---> Npgsql.PostgresException (0x80004005): 23505: duplicate key value violates unique constraint "PK_Configurations"

DETAIL: Detail redacted as it may contain sensitive data. Specify 'Include Error Detail' in the connection string to include this information.
   at Npgsql.Internal.NpgsqlConnector.ReadMessageLong(Boolean async, DataRowLoadingMode dataRowLoadingMode, Boolean readingNotifications, Boolean isReadingPrependedMessage)
   at System.Runtime.CompilerServices.PoolingAsyncValueTaskMethodBuilder`1.StateMachineBox`1.System.Threading.Tasks.Sources.IValueTaskSource<TResult>.GetResult(Int16 token)
   at Npgsql.NpgsqlDataReader.NextResult(Boolean async, Boolean isConsuming, CancellationToken cancellationToken)
   at Npgsql.NpgsqlDataReader.NextResult(Boolean async, Boolean isConsuming, CancellationToken cancellationToken)
   at Npgsql.NpgsqlCommand.ExecuteReader(Boolean async, CommandBehavior behavior, CancellationToken cancellationToken)
   at Npgsql.NpgsqlCommand.ExecuteReader(Boolean async, CommandBehavior behavior, CancellationToken cancellationToken)
   at Npgsql.NpgsqlCommand.ExecuteDbDataReaderAsync(CommandBehavior behavior, CancellationToken cancellationToken)
   at Microsoft.EntityFrameworkCore.Storage.RelationalCommand.ExecuteReaderAsync(RelationalCommandParameterObject parameterObject, CancellationToken cancellationToken)
   at Microsoft.EntityFrameworkCore.Storage.RelationalCommand.ExecuteReaderAsync(RelationalCommandParameterObject parameterObject, CancellationToken cancellationToken)
   at Microsoft.EntityFrameworkCore.Update.ReaderModificationCommandBatch.ExecuteAsync(IRelationalConnection connection, CancellationToken cancellationToken)
  Exception data:
    Severity: ERROR
    SqlState: 23505
    MessageText: duplicate key value violates unique constraint "PK_Configurations"
    Detail: Detail redacted as it may contain sensitive data. Specify 'Include Error Detail' in the connection string to include this information.
    SchemaName: public
    TableName: Configurations
    ConstraintName: PK_Configurations
    File: nbtinsert.c
    Line: 664
    Routine: _bt_check_unique
   --- End of inner exception stack trace ---
   at Microsoft.EntityFrameworkCore.Update.ReaderModificationCommandBatch.ExecuteAsync(IRelationalConnection connection, CancellationToken cancellationToken)
   at Microsoft.EntityFrameworkCore.Update.Internal.BatchExecutor.ExecuteAsync(IEnumerable`1 commandBatches, IRelationalConnection connection, CancellationToken cancellationToken)
   at Microsoft.EntityFrameworkCore.Update.Internal.BatchExecutor.ExecuteAsync(IEnumerable`1 commandBatches, IRelationalConnection connection, CancellationToken cancellationToken)
   at Microsoft.EntityFrameworkCore.Update.Internal.BatchExecutor.ExecuteAsync(IEnumerable`1 commandBatches, IRelationalConnection connection, CancellationToken cancellationToken)
   at Microsoft.EntityFrameworkCore.Storage.RelationalDatabase.SaveChangesAsync(IList`1 entries, CancellationToken cancellationToken)
   at Microsoft.EntityFrameworkCore.ChangeTracking.Internal.StateManager.SaveChangesAsync(IList`1 entriesToSave, CancellationToken cancellationToken)
   at Microsoft.EntityFrameworkCore.ChangeTracking.Internal.StateManager.SaveChangesAsync(StateManager stateManager, Boolean acceptAllChangesOnSuccess, CancellationToken cancellationToken)
   at Npgsql.EntityFrameworkCore.PostgreSQL.Storage.Internal.NpgsqlExecutionStrategy.ExecuteAsync[TState,TResult](TState state, Func`4 operation, Func`4 verifySucceeded, CancellationToken cancellationToken)
   at Microsoft.EntityFrameworkCore.DbContext.SaveChangesAsync(Boolean acceptAllChangesOnSuccess, CancellationToken cancellationToken)
2026-01-13 20:19:16,498 ERROR Microsoft.AspNetCore.Diagnostics.DeveloperExceptionPageMiddleware - An unhandled exception has occurred while executing the request.
Microsoft.EntityFrameworkCore.DbUpdateException: An error occurred while saving the entity changes. See the inner exception for details.
 ---> Npgsql.PostgresException (0x80004005): 23505: duplicate key value violates unique constraint "PK_Configurations"

DETAIL: Detail redacted as it may contain sensitive data. Specify 'Include Error Detail' in the connection string to include this information.
   at Npgsql.Internal.NpgsqlConnector.ReadMessageLong(Boolean async, DataRowLoadingMode dataRowLoadingMode, Boolean readingNotifications, Boolean isReadingPrependedMessage)
   at System.Runtime.CompilerServices.PoolingAsyncValueTaskMethodBuilder`1.StateMachineBox`1.System.Threading.Tasks.Sources.IValueTaskSource<TResult>.GetResult(Int16 token)
   at Npgsql.NpgsqlDataReader.NextResult(Boolean async, Boolean isConsuming, CancellationToken cancellationToken)
   at Npgsql.NpgsqlDataReader.NextResult(Boolean async, Boolean isConsuming, CancellationToken cancellationToken)
   at Npgsql.NpgsqlCommand.ExecuteReader(Boolean async, CommandBehavior behavior, CancellationToken cancellationToken)
   at Npgsql.NpgsqlCommand.ExecuteReader(Boolean async, CommandBehavior behavior, CancellationToken cancellationToken)
   at Npgsql.NpgsqlCommand.ExecuteDbDataReaderAsync(CommandBehavior behavior, CancellationToken cancellationToken)
   at Microsoft.EntityFrameworkCore.Storage.RelationalCommand.ExecuteReaderAsync(RelationalCommandParameterObject parameterObject, CancellationToken cancellationToken)
   at Microsoft.EntityFrameworkCore.Storage.RelationalCommand.ExecuteReaderAsync(RelationalCommandParameterObject parameterObject, CancellationToken cancellationToken)
   at Microsoft.EntityFrameworkCore.Update.ReaderModificationCommandBatch.ExecuteAsync(IRelationalConnection connection, CancellationToken cancellationToken)
  Exception data:
    Severity: ERROR
    SqlState: 23505
    MessageText: duplicate key value violates unique constraint "PK_Configurations"
    Detail: Detail redacted as it may contain sensitive data. Specify 'Include Error Detail' in the connection string to include this information.
    SchemaName: public
    TableName: Configurations
    ConstraintName: PK_Configurations
    File: nbtinsert.c
    Line: 664
    Routine: _bt_check_unique
   --- End of inner exception stack trace ---
   at Microsoft.EntityFrameworkCore.Update.ReaderModificationCommandBatch.ExecuteAsync(IRelationalConnection connection, CancellationToken cancellationToken)
   at Microsoft.EntityFrameworkCore.Update.Internal.BatchExecutor.ExecuteAsync(IEnumerable`1 commandBatches, IRelationalConnection connection, CancellationToken cancellationToken)
   at Microsoft.EntityFrameworkCore.Update.Internal.BatchExecutor.ExecuteAsync(IEnumerable`1 commandBatches, IRelationalConnection connection, CancellationToken cancellationToken)
   at Microsoft.EntityFrameworkCore.Update.Internal.BatchExecutor.ExecuteAsync(IEnumerable`1 commandBatches, IRelationalConnection connection, CancellationToken cancellationToken)
   at Microsoft.EntityFrameworkCore.Storage.RelationalDatabase.SaveChangesAsync(IList`1 entries, CancellationToken cancellationToken)
   at Microsoft.EntityFrameworkCore.ChangeTracking.Internal.StateManager.SaveChangesAsync(IList`1 entriesToSave, CancellationToken cancellationToken)
   at Microsoft.EntityFrameworkCore.ChangeTracking.Internal.StateManager.SaveChangesAsync(StateManager stateManager, Boolean acceptAllChangesOnSuccess, CancellationToken cancellationToken)
   at Npgsql.EntityFrameworkCore.PostgreSQL.Storage.Internal.NpgsqlExecutionStrategy.ExecuteAsync[TState,TResult](TState state, Func`4 operation, Func`4 verifySucceeded, CancellationToken cancellationToken)
   at Microsoft.EntityFrameworkCore.DbContext.SaveChangesAsync(Boolean acceptAllChangesOnSuccess, CancellationToken cancellationToken)
   at Microsoft.EntityFrameworkCore.DbContext.SaveChangesAsync(Boolean acceptAllChangesOnSuccess, CancellationToken cancellationToken)
   at rentVPSmicroservices.microserviceConfigs.Controllers.ConfigurationsController.PostConfiguration(Configuration configuration) in D:\university-3c5s\tp\lab-6\rentVPSmicroservices\rentVPSmicroservices.microserviceConfigs\Controllers\ConfigurationsController.cs:line 88
   at lambda_method68(Closure, Object)
   at Microsoft.AspNetCore.Mvc.Infrastructure.ActionMethodExecutor.AwaitableObjectResultExecutor.Execute(ActionContext actionContext, IActionResultTypeMapper mapper, ObjectMethodExecutor executor, Object controller, Object[] arguments)
   at Microsoft.AspNetCore.Mvc.Infrastructure.ControllerActionInvoker.<InvokeActionMethodAsync>g__Awaited|12_0(ControllerActionInvoker invoker, ValueTask`1 actionResultValueTask)
   at Microsoft.AspNetCore.Mvc.Infrastructure.ControllerActionInvoker.<InvokeNextActionFilterAsync>g__Awaited|10_0(ControllerActionInvoker invoker, Task lastTask, State next, Scope scope, Object state, Boolean isCompleted)
   at Microsoft.AspNetCore.Mvc.Infrastructure.ControllerActionInvoker.Rethrow(ActionExecutedContextSealed context)
   at Microsoft.AspNetCore.Mvc.Infrastructure.ControllerActionInvoker.Next(State& next, Scope& scope, Object& state, Boolean& isCompleted)
   at Microsoft.AspNetCore.Mvc.Infrastructure.ControllerActionInvoker.<InvokeInnerFilterAsync>g__Awaited|13_0(ControllerActionInvoker invoker, Task lastTask, State next, Scope scope, Object state, Boolean isCompleted)
   at Microsoft.AspNetCore.Mvc.Infrastructure.ResourceInvoker.<InvokeFilterPipelineAsync>g__Awaited|20_0(ResourceInvoker invoker, Task lastTask, State next, Scope scope, Object state, Boolean isCompleted)
   at Microsoft.AspNetCore.Mvc.Infrastructure.ResourceInvoker.<InvokeAsync>g__Awaited|17_0(ResourceInvoker invoker, Task task, IDisposable scope)
   at Microsoft.AspNetCore.Mvc.Infrastructure.ResourceInvoker.<InvokeAsync>g__Awaited|17_0(ResourceInvoker invoker, Task task, IDisposable scope)
   at Microsoft.AspNetCore.Authorization.AuthorizationMiddleware.Invoke(HttpContext context)
   at Swashbuckle.AspNetCore.SwaggerUI.SwaggerUIMiddleware.Invoke(HttpContext httpContext)
   at Swashbuckle.AspNetCore.Swagger.SwaggerMiddleware.Invoke(HttpContext httpContext, ISwaggerProvider swaggerProvider)
   at Microsoft.AspNetCore.Authentication.AuthenticationMiddleware.Invoke(HttpContext context)
   at Microsoft.AspNetCore.Diagnostics.DeveloperExceptionPageMiddlewareImpl.Invoke(HttpContext context)
2026-01-13 20:20:15,730 INFO Microsoft.Hosting.Lifetime - Application is shutting down...
2026-01-13 20:21:59,366 DEBUG Microsoft.AspNetCore.Watch.BrowserRefresh.BlazorWasmHotReloadMiddleware - Middleware loaded
2026-01-13 20:21:59,378 DEBUG Microsoft.AspNetCore.Watch.BrowserRefresh.BrowserScriptMiddleware - Middleware loaded. Script /_framework/aspnetcore-browser-refresh.js (16565 B).
2026-01-13 20:21:59,378 DEBUG Microsoft.AspNetCore.Watch.BrowserRefresh.BrowserScriptMiddleware - Middleware loaded. Script /_framework/blazor-hotreload.js (799 B).
2026-01-13 20:21:59,403 DEBUG Microsoft.AspNetCore.Watch.BrowserRefresh.BrowserRefreshMiddleware - Middleware loaded: DOTNET_MODIFIABLE_ASSEMBLIES=debug, __ASPNETCORE_BROWSER_TOOLS=true
2026-01-13 20:21:59,417 INFO Microsoft.Hosting.Lifetime - Now listening on: http://localhost:5082
2026-01-13 20:21:59,482 INFO Microsoft.Hosting.Lifetime - Application started. Press Ctrl+C to shut down.
2026-01-13 20:21:59,482 INFO Microsoft.Hosting.Lifetime - Hosting environment: Development
2026-01-13 20:21:59,482 INFO Microsoft.Hosting.Lifetime - Content root path: D:\university-3c5s\tp\lab-6\rentVPSmicroservices\rentVPSmicroservices.microserviceConfigs
2026-01-13 20:21:59,775 DEBUG Microsoft.AspNetCore.Watch.BrowserRefresh.BrowserRefreshMiddleware - Response markup is scheduled to include browser refresh script injection.
2026-01-13 20:21:59,787 DEBUG Microsoft.AspNetCore.Watch.BrowserRefresh.BrowserRefreshMiddleware - Response markup was updated to include browser refresh script injection.
2026-01-13 20:21:59,806 DEBUG Microsoft.AspNetCore.Watch.BrowserRefresh.BrowserScriptMiddleware - Script injected: /_framework/aspnetcore-browser-refresh.js
2026-01-13 20:22:03,818 WARN Microsoft.AspNetCore.HttpsPolicy.HttpsRedirectionMiddleware - Failed to determine the https port for redirect.
2026-01-13 20:22:03,904 INFO rentVPSmicroservices.microserviceConfigs.Controllers.ConfigurationsController - Был вызван метод GetConfiguration()
2026-01-13 20:22:03,904 INFO rentVPSmicroservices.microserviceConfigs.Controllers.ConfigurationsController - All configuration catalog was watched
2026-01-13 20:22:04,573 INFO Microsoft.EntityFrameworkCore.Database.Command - Executed DbCommand (17ms) [Parameters=[], CommandType='Text', CommandTimeout='30']
SELECT c."Id", c."CPU_ghz", c."CPU_name", c."GPU_name", c."GPU_vram", c."OS", c."RAM", c.disk_size
FROM "Configurations" AS c
2026-01-13 20:22:14,990 INFO rentVPSmicroservices.microserviceConfigs.Controllers.ConfigurationsController - Был вызван метод PostConfiguration()
2026-01-13 20:22:15,140 ERROR Microsoft.EntityFrameworkCore.Database.Command - Failed executing DbCommand (78ms) [Parameters=[@p0='?' (DbType = Guid), @p1='?' (DbType = Single), @p2='?', @p3='?', @p4='?' (DbType = Int32), @p5='?', @p6='?' (DbType = Int32), @p7='?' (DbType = Int32)], CommandType='Text', CommandTimeout='30']
INSERT INTO "Configurations" ("Id", "CPU_ghz", "CPU_name", "GPU_name", "GPU_vram", "OS", "RAM", disk_size)
VALUES (@p0, @p1, @p2, @p3, @p4, @p5, @p6, @p7);
2026-01-13 20:22:15,164 ERROR Microsoft.EntityFrameworkCore.Update - An exception occurred in the database while saving changes for context type 'rentVPSmicroservices.microserviceConfig.Contexts.ConfigContext'.
Microsoft.EntityFrameworkCore.DbUpdateException: An error occurred while saving the entity changes. See the inner exception for details.
 ---> Npgsql.PostgresException (0x80004005): 23505: duplicate key value violates unique constraint "PK_Configurations"

DETAIL: Detail redacted as it may contain sensitive data. Specify 'Include Error Detail' in the connection string to include this information.
   at Npgsql.Internal.NpgsqlConnector.ReadMessageLong(Boolean async, DataRowLoadingMode dataRowLoadingMode, Boolean readingNotifications, Boolean isReadingPrependedMessage)
   at System.Runtime.CompilerServices.PoolingAsyncValueTaskMethodBuilder`1.StateMachineBox`1.System.Threading.Tasks.Sources.IValueTaskSource<TResult>.GetResult(Int16 token)
   at Npgsql.NpgsqlDataReader.NextResult(Boolean async, Boolean isConsuming, CancellationToken cancellationToken)
   at Npgsql.NpgsqlDataReader.NextResult(Boolean async, Boolean isConsuming, CancellationToken cancellationToken)
   at Npgsql.NpgsqlCommand.ExecuteReader(Boolean async, CommandBehavior behavior, CancellationToken cancellationToken)
   at Npgsql.NpgsqlCommand.ExecuteReader(Boolean async, CommandBehavior behavior, CancellationToken cancellationToken)
   at Npgsql.NpgsqlCommand.ExecuteDbDataReaderAsync(CommandBehavior behavior, CancellationToken cancellationToken)
   at Microsoft.EntityFrameworkCore.Storage.RelationalCommand.ExecuteReaderAsync(RelationalCommandParameterObject parameterObject, CancellationToken cancellationToken)
   at Microsoft.EntityFrameworkCore.Storage.RelationalCommand.ExecuteReaderAsync(RelationalCommandParameterObject parameterObject, CancellationToken cancellationToken)
   at Microsoft.EntityFrameworkCore.Update.ReaderModificationCommandBatch.ExecuteAsync(IRelationalConnection connection, CancellationToken cancellationToken)
  Exception data:
    Severity: ERROR
    SqlState: 23505
    MessageText: duplicate key value violates unique constraint "PK_Configurations"
    Detail: Detail redacted as it may contain sensitive data. Specify 'Include Error Detail' in the connection string to include this information.
    SchemaName: public
    TableName: Configurations
    ConstraintName: PK_Configurations
    File: nbtinsert.c
    Line: 664
    Routine: _bt_check_unique
   --- End of inner exception stack trace ---
   at Microsoft.EntityFrameworkCore.Update.ReaderModificationCommandBatch.ExecuteAsync(IRelationalConnection connection, CancellationToken cancellationToken)
   at Microsoft.EntityFrameworkCore.Update.Internal.BatchExecutor.ExecuteAsync(IEnumerable`1 commandBatches, IRelationalConnection connection, CancellationToken cancellationToken)
   at Microsoft.EntityFrameworkCore.Update.Internal.BatchExecutor.ExecuteAsync(IEnumerable`1 commandBatches, IRelationalConnection connection, CancellationToken cancellationToken)
   at Microsoft.EntityFrameworkCore.Update.Internal.BatchExecutor.ExecuteAsync(IEnumerable`1 commandBatches, IRelationalConnection connection, CancellationToken cancellationToken)
   at Microsoft.EntityFrameworkCore.Storage.RelationalDatabase.SaveChangesAsync(IList`1 entries, CancellationToken cancellationToken)
   at Microsoft.EntityFrameworkCore.ChangeTracking.Internal.StateManager.SaveChangesAsync(IList`1 entriesToSave, CancellationToken cancellationToken)
   at Microsoft.EntityFrameworkCore.ChangeTracking.Internal.StateManager.SaveChangesAsync(StateManager stateManager, Boolean acceptAllChangesOnSuccess, CancellationToken cancellationToken)
   at Npgsql.EntityFrameworkCore.PostgreSQL.Storage.Internal.NpgsqlExecutionStrategy.ExecuteAsync[TState,TResult](TState state, Func`4 operation, Func`4 verifySucceeded, CancellationToken cancellationToken)
   at Microsoft.EntityFrameworkCore.DbContext.SaveChangesAsync(Boolean acceptAllChangesOnSuccess, CancellationToken cancellationToken)
Microsoft.EntityFrameworkCore.DbUpdateException: An error occurred while saving the entity changes. See the inner exception for details.
 ---> Npgsql.PostgresException (0x80004005): 23505: duplicate key value violates unique constraint "PK_Configurations"

DETAIL: Detail redacted as it may contain sensitive data. Specify 'Include Error Detail' in the connection string to include this information.
   at Npgsql.Internal.NpgsqlConnector.ReadMessageLong(Boolean async, DataRowLoadingMode dataRowLoadingMode, Boolean readingNotifications, Boolean isReadingPrependedMessage)
   at System.Runtime.CompilerServices.PoolingAsyncValueTaskMethodBuilder`1.StateMachineBox`1.System.Threading.Tasks.Sources.IValueTaskSource<TResult>.GetResult(Int16 token)
   at Npgsql.NpgsqlDataReader.NextResult(Boolean async, Boolean isConsuming, CancellationToken cancellationToken)
   at Npgsql.NpgsqlDataReader.NextResult(Boolean async, Boolean isConsuming, CancellationToken cancellationToken)
   at Npgsql.NpgsqlCommand.ExecuteReader(Boolean async, CommandBehavior behavior, CancellationToken cancellationToken)
   at Npgsql.NpgsqlCommand.ExecuteReader(Boolean async, CommandBehavior behavior, CancellationToken cancellationToken)
   at Npgsql.NpgsqlCommand.ExecuteDbDataReaderAsync(CommandBehavior behavior, CancellationToken cancellationToken)
   at Microsoft.EntityFrameworkCore.Storage.RelationalCommand.ExecuteReaderAsync(RelationalCommandParameterObject parameterObject, CancellationToken cancellationToken)
   at Microsoft.EntityFrameworkCore.Storage.RelationalCommand.ExecuteReaderAsync(RelationalCommandParameterObject parameterObject, CancellationToken cancellationToken)
   at Microsoft.EntityFrameworkCore.Update.ReaderModificationCommandBatch.ExecuteAsync(IRelationalConnection connection, CancellationToken cancellationToken)
  Exception data:
    Severity: ERROR
    SqlState: 23505
    MessageText: duplicate key value violates unique constraint "PK_Configurations"
    Detail: Detail redacted as it may contain sensitive data. Specify 'Include Error Detail' in the connection string to include this information.
    SchemaName: public
    TableName: Configurations
    ConstraintName: PK_Configurations
    File: nbtinsert.c
    Line: 664
    Routine: _bt_check_unique
   --- End of inner exception stack trace ---
   at Microsoft.EntityFrameworkCore.Update.ReaderModificationCommandBatch.ExecuteAsync(IRelationalConnection connection, CancellationToken cancellationToken)
   at Microsoft.EntityFrameworkCore.Update.Internal.BatchExecutor.ExecuteAsync(IEnumerable`1 commandBatches, IRelationalConnection connection, CancellationToken cancellationToken)
   at Microsoft.EntityFrameworkCore.Update.Internal.BatchExecutor.ExecuteAsync(IEnumerable`1 commandBatches, IRelationalConnection connection, CancellationToken cancellationToken)
   at Microsoft.EntityFrameworkCore.Update.Internal.BatchExecutor.ExecuteAsync(IEnumerable`1 commandBatches, IRelationalConnection connection, CancellationToken cancellationToken)
   at Microsoft.EntityFrameworkCore.Storage.RelationalDatabase.SaveChangesAsync(IList`1 entries, CancellationToken cancellationToken)
   at Microsoft.EntityFrameworkCore.ChangeTracking.Internal.StateManager.SaveChangesAsync(IList`1 entriesToSave, CancellationToken cancellationToken)
   at Microsoft.EntityFrameworkCore.ChangeTracking.Internal.StateManager.SaveChangesAsync(StateManager stateManager, Boolean acceptAllChangesOnSuccess, CancellationToken cancellationToken)
   at Npgsql.EntityFrameworkCore.PostgreSQL.Storage.Internal.NpgsqlExecutionStrategy.ExecuteAsync[TState,TResult](TState state, Func`4 operation, Func`4 verifySucceeded, CancellationToken cancellationToken)
   at Microsoft.EntityFrameworkCore.DbContext.SaveChangesAsync(Boolean acceptAllChangesOnSuccess, CancellationToken cancellationToken)
2026-01-13 20:22:15,175 ERROR Microsoft.AspNetCore.Diagnostics.DeveloperExceptionPageMiddleware - An unhandled exception has occurred while executing the request.
Microsoft.EntityFrameworkCore.DbUpdateException: An error occurred while saving the entity changes. See the inner exception for details.
 ---> Npgsql.PostgresException (0x80004005): 23505: duplicate key value violates unique constraint "PK_Configurations"

DETAIL: Detail redacted as it may contain sensitive data. Specify 'Include Error Detail' in the connection string to include this information.
   at Npgsql.Internal.NpgsqlConnector.ReadMessageLong(Boolean async, DataRowLoadingMode dataRowLoadingMode, Boolean readingNotifications, Boolean isReadingPrependedMessage)
   at System.Runtime.CompilerServices.PoolingAsyncValueTaskMethodBuilder`1.StateMachineBox`1.System.Threading.Tasks.Sources.IValueTaskSource<TResult>.GetResult(Int16 token)
   at Npgsql.NpgsqlDataReader.NextResult(Boolean async, Boolean isConsuming, CancellationToken cancellationToken)
   at Npgsql.NpgsqlDataReader.NextResult(Boolean async, Boolean isConsuming, CancellationToken cancellationToken)
   at Npgsql.NpgsqlCommand.ExecuteReader(Boolean async, CommandBehavior behavior, CancellationToken cancellationToken)
   at Npgsql.NpgsqlCommand.ExecuteReader(Boolean async, CommandBehavior behavior, CancellationToken cancellationToken)
   at Npgsql.NpgsqlCommand.ExecuteDbDataReaderAsync(CommandBehavior behavior, CancellationToken cancellationToken)
   at Microsoft.EntityFrameworkCore.Storage.RelationalCommand.ExecuteReaderAsync(RelationalCommandParameterObject parameterObject, CancellationToken cancellationToken)
   at Microsoft.EntityFrameworkCore.Storage.RelationalCommand.ExecuteReaderAsync(RelationalCommandParameterObject parameterObject, CancellationToken cancellationToken)
   at Microsoft.EntityFrameworkCore.Update.ReaderModificationCommandBatch.ExecuteAsync(IRelationalConnection connection, CancellationToken cancellationToken)
  Exception data:
    Severity: ERROR
    SqlState: 23505
    MessageText: duplicate key value violates unique constraint "PK_Configurations"
    Detail: Detail redacted as it may contain sensitive data. Specify 'Include Error Detail' in the connection string to include this information.
    SchemaName: public
    TableName: Configurations
    ConstraintName: PK_Configurations
    File: nbtinsert.c
    Line: 664
    Routine: _bt_check_unique
   --- End of inner exception stack trace ---
   at Microsoft.EntityFrameworkCore.Update.ReaderModificationCommandBatch.ExecuteAsync(IRelationalConnection connection, CancellationToken cancellationToken)
   at Microsoft.EntityFrameworkCore.Update.Internal.BatchExecutor.ExecuteAsync(IEnumerable`1 commandBatches, IRelationalConnection connection, CancellationToken cancellationToken)
   at Microsoft.EntityFrameworkCore.Update.Internal.BatchExecutor.ExecuteAsync(IEnumerable`1 commandBatches, IRelationalConnection connection, CancellationToken cancellationToken)
   at Microsoft.EntityFrameworkCore.Update.Internal.BatchExecutor.ExecuteAsync(IEnumerable`1 commandBatches, IRelationalConnection connection, CancellationToken cancellationToken)
   at Microsoft.EntityFrameworkCore.Storage.RelationalDatabase.SaveChangesAsync(IList`1 entries, CancellationToken cancellationToken)
   at Microsoft.EntityFrameworkCore.ChangeTracking.Internal.StateManager.SaveChangesAsync(IList`1 entriesToSave, CancellationToken cancellationToken)
   at Microsoft.EntityFrameworkCore.ChangeTracking.Internal.StateManager.SaveChangesAsync(StateManager stateManager, Boolean acceptAllChangesOnSuccess, CancellationToken cancellationToken)
   at Npgsql.EntityFrameworkCore.PostgreSQL.Storage.Internal.NpgsqlExecutionStrategy.ExecuteAsync[TState,TResult](TState state, Func`4 operation, Func`4 verifySucceeded, CancellationToken cancellationToken)
   at Microsoft.EntityFrameworkCore.DbContext.SaveChangesAsync(Boolean acceptAllChangesOnSuccess, CancellationToken cancellationToken)
   at Microsoft.EntityFrameworkCore.DbContext.SaveChangesAsync(Boolean acceptAllChangesOnSuccess, CancellationToken cancellationToken)
   at rentVPSmicroservices.microserviceConfigs.Controllers.ConfigurationsController.PostConfiguration(Configuration configuration) in D:\university-3c5s\tp\lab-6\rentVPSmicroservices\rentVPSmicroservices.microserviceConfigs\Controllers\ConfigurationsController.cs:line 88
   at lambda_method68(Closure, Object)
   at Microsoft.AspNetCore.Mvc.Infrastructure.ActionMethodExecutor.AwaitableObjectResultExecutor.Execute(ActionContext actionContext, IActionResultTypeMapper mapper, ObjectMethodExecutor executor, Object controller, Object[] arguments)
   at Microsoft.AspNetCore.Mvc.Infrastructure.ControllerActionInvoker.<InvokeActionMethodAsync>g__Awaited|12_0(ControllerActionInvoker invoker, ValueTask`1 actionResultValueTask)
   at Microsoft.AspNetCore.Mvc.Infrastructure.ControllerActionInvoker.<InvokeNextActionFilterAsync>g__Awaited|10_0(ControllerActionInvoker invoker, Task lastTask, State next, Scope scope, Object state, Boolean isCompleted)
   at Microsoft.AspNetCore.Mvc.Infrastructure.ControllerActionInvoker.Rethrow(ActionExecutedContextSealed context)
   at Microsoft.AspNetCore.Mvc.Infrastructure.ControllerActionInvoker.Next(State& next, Scope& scope, Object& state, Boolean& isCompleted)
   at Microsoft.AspNetCore.Mvc.Infrastructure.ControllerActionInvoker.<InvokeInnerFilterAsync>g__Awaited|13_0(ControllerActionInvoker invoker, Task lastTask, State next, Scope scope, Object state, Boolean isCompleted)
   at Microsoft.AspNetCore.Mvc.Infrastructure.ResourceInvoker.<InvokeFilterPipelineAsync>g__Awaited|20_0(ResourceInvoker invoker, Task lastTask, State next, Scope scope, Object state, Boolean isCompleted)
   at Microsoft.AspNetCore.Mvc.Infrastructure.ResourceInvoker.<InvokeAsync>g__Awaited|17_0(ResourceInvoker invoker, Task task, IDisposable scope)
   at Microsoft.AspNetCore.Mvc.Infrastructure.ResourceInvoker.<InvokeAsync>g__Awaited|17_0(ResourceInvoker invoker, Task task, IDisposable scope)
   at Microsoft.AspNetCore.Authorization.AuthorizationMiddleware.Invoke(HttpContext context)
   at Swashbuckle.AspNetCore.SwaggerUI.SwaggerUIMiddleware.Invoke(HttpContext httpContext)
   at Swashbuckle.AspNetCore.Swagger.SwaggerMiddleware.Invoke(HttpContext httpContext, ISwaggerProvider swaggerProvider)
   at Microsoft.AspNetCore.Authentication.AuthenticationMiddleware.Invoke(HttpContext context)
   at Microsoft.AspNetCore.Diagnostics.DeveloperExceptionPageMiddlewareImpl.Invoke(HttpContext context)
2026-01-13 20:22:59,538 INFO rentVPSmicroservices.microserviceConfigs.Controllers.ConfigurationsController - Был вызван метод PostConfiguration()
2026-01-13 20:22:59,621 INFO Microsoft.EntityFrameworkCore.Database.Command - Executed DbCommand (38ms) [Parameters=[@p0='?' (DbType = Guid), @p1='?' (DbType = Single), @p2='?', @p3='?', @p4='?' (DbType = Int32), @p5='?', @p6='?' (DbType = Int32), @p7='?' (DbType = Int32)], CommandType='Text', CommandTimeout='30']
INSERT INTO "Configurations" ("Id", "CPU_ghz", "CPU_name", "GPU_name", "GPU_vram", "OS", "RAM", disk_size)
VALUES (@p0, @p1, @p2, @p3, @p4, @p5, @p6, @p7);
2026-01-13 20:22:59,625 INFO rentVPSmicroservices.microserviceConfigs.Controllers.ConfigurationsController - Была добавлена новая конфигурация под id 3fa85f64-5717-4561-b3fc-2c963f66afa6
2026-01-13 20:22:59,636 ERROR Microsoft.AspNetCore.Diagnostics.DeveloperExceptionPageMiddleware - An unhandled exception has occurred while executing the request.
System.InvalidOperationException: No route matches the supplied values.
   at Microsoft.AspNetCore.Mvc.CreatedAtActionResult.OnFormatting(ActionContext context)
   at Microsoft.AspNetCore.Mvc.Infrastructure.ObjectResultExecutor.ExecuteAsyncCore(ActionContext context, ObjectResult result, Type objectType, Object value)
   at Microsoft.AspNetCore.Mvc.Infrastructure.ObjectResultExecutor.ExecuteAsync(ActionContext context, ObjectResult result)
   at Microsoft.AspNetCore.Mvc.Infrastructure.ResourceInvoker.ResultNext[TFilter,TFilterAsync](State& next, Scope& scope, Object& state, Boolean& isCompleted)
   at Microsoft.AspNetCore.Mvc.Infrastructure.ResourceInvoker.InvokeNextResultFilterAsync[TFilter,TFilterAsync]()
--- End of stack trace from previous location ---
   at Microsoft.AspNetCore.Mvc.Infrastructure.ResourceInvoker.Rethrow(ResultExecutedContextSealed context)
   at Microsoft.AspNetCore.Mvc.Infrastructure.ResourceInvoker.ResultNext[TFilter,TFilterAsync](State& next, Scope& scope, Object& state, Boolean& isCompleted)
   at Microsoft.AspNetCore.Mvc.Infrastructure.ResourceInvoker.InvokeResultFilters()
--- End of stack trace from previous location ---
   at Microsoft.AspNetCore.Mvc.Infrastructure.ResourceInvoker.<InvokeFilterPipelineAsync>g__Awaited|20_0(ResourceInvoker invoker, Task lastTask, State next, Scope scope, Object state, Boolean isCompleted)
   at Microsoft.AspNetCore.Mvc.Infrastructure.ResourceInvoker.<InvokeAsync>g__Awaited|17_0(ResourceInvoker invoker, Task task, IDisposable scope)
   at Microsoft.AspNetCore.Mvc.Infrastructure.ResourceInvoker.<InvokeAsync>g__Awaited|17_0(ResourceInvoker invoker, Task task, IDisposable scope)
   at Microsoft.AspNetCore.Authorization.AuthorizationMiddleware.Invoke(HttpContext context)
   at Swashbuckle.AspNetCore.SwaggerUI.SwaggerUIMiddleware.Invoke(HttpContext httpContext)
   at Swashbuckle.AspNetCore.Swagger.SwaggerMiddleware.Invoke(HttpContext httpContext, ISwaggerProvider swaggerProvider)
   at Microsoft.AspNetCore.Authentication.AuthenticationMiddleware.Invoke(HttpContext context)
   at Microsoft.AspNetCore.Diagnostics.DeveloperExceptionPageMiddlewareImpl.Invoke(HttpContext context)
2026-01-13 20:23:03,983 INFO rentVPSmicroservices.microserviceConfigs.Controllers.ConfigurationsController - Был вызван метод PostConfiguration()
2026-01-13 20:23:04,024 INFO Microsoft.EntityFrameworkCore.Database.Command - Executed DbCommand (39ms) [Parameters=[@p0='?' (DbType = Guid), @p1='?' (DbType = Single), @p2='?', @p3='?', @p4='?' (DbType = Int32), @p5='?', @p6='?' (DbType = Int32), @p7='?' (DbType = Int32)], CommandType='Text', CommandTimeout='30']
INSERT INTO "Configurations" ("Id", "CPU_ghz", "CPU_name", "GPU_name", "GPU_vram", "OS", "RAM", disk_size)
VALUES (@p0, @p1, @p2, @p3, @p4, @p5, @p6, @p7);
2026-01-13 20:23:04,024 INFO rentVPSmicroservices.microserviceConfigs.Controllers.ConfigurationsController - Была добавлена новая конфигурация под id 3fa85f64-1717-4561-b3fc-2c963f66afa6
2026-01-13 20:23:04,026 ERROR Microsoft.AspNetCore.Diagnostics.DeveloperExceptionPageMiddleware - An unhandled exception has occurred while executing the request.
System.InvalidOperationException: No route matches the supplied values.
   at Microsoft.AspNetCore.Mvc.CreatedAtActionResult.OnFormatting(ActionContext context)
   at Microsoft.AspNetCore.Mvc.Infrastructure.ObjectResultExecutor.ExecuteAsyncCore(ActionContext context, ObjectResult result, Type objectType, Object value)
   at Microsoft.AspNetCore.Mvc.Infrastructure.ObjectResultExecutor.ExecuteAsync(ActionContext context, ObjectResult result)
   at Microsoft.AspNetCore.Mvc.Infrastructure.ResourceInvoker.ResultNext[TFilter,TFilterAsync](State& next, Scope& scope, Object& state, Boolean& isCompleted)
   at Microsoft.AspNetCore.Mvc.Infrastructure.ResourceInvoker.InvokeNextResultFilterAsync[TFilter,TFilterAsync]()
--- End of stack trace from previous location ---
   at Microsoft.AspNetCore.Mvc.Infrastructure.ResourceInvoker.Rethrow(ResultExecutedContextSealed context)
   at Microsoft.AspNetCore.Mvc.Infrastructure.ResourceInvoker.ResultNext[TFilter,TFilterAsync](State& next, Scope& scope, Object& state, Boolean& isCompleted)
   at Microsoft.AspNetCore.Mvc.Infrastructure.ResourceInvoker.InvokeResultFilters()
--- End of stack trace from previous location ---
   at Microsoft.AspNetCore.Mvc.Infrastructure.ResourceInvoker.<InvokeFilterPipelineAsync>g__Awaited|20_0(ResourceInvoker invoker, Task lastTask, State next, Scope scope, Object state, Boolean isCompleted)
   at Microsoft.AspNetCore.Mvc.Infrastructure.ResourceInvoker.<InvokeAsync>g__Awaited|17_0(ResourceInvoker invoker, Task task, IDisposable scope)
   at Microsoft.AspNetCore.Mvc.Infrastructure.ResourceInvoker.<InvokeAsync>g__Awaited|17_0(ResourceInvoker invoker, Task task, IDisposable scope)
   at Microsoft.AspNetCore.Authorization.AuthorizationMiddleware.Invoke(HttpContext context)
   at Swashbuckle.AspNetCore.SwaggerUI.SwaggerUIMiddleware.Invoke(HttpContext httpContext)
   at Swashbuckle.AspNetCore.Swagger.SwaggerMiddleware.Invoke(HttpContext httpContext, ISwaggerProvider swaggerProvider)
   at Microsoft.AspNetCore.Authentication.AuthenticationMiddleware.Invoke(HttpContext context)
   at Microsoft.AspNetCore.Diagnostics.DeveloperExceptionPageMiddlewareImpl.Invoke(HttpContext context)
2026-01-13 20:23:29,244 INFO rentVPSmicroservices.microserviceConfigs.Controllers.ConfigurationsController - Был вызван метод PostConfiguration()
2026-01-13 20:23:29,314 INFO Microsoft.EntityFrameworkCore.Database.Command - Executed DbCommand (65ms) [Parameters=[@p0='?' (DbType = Guid), @p1='?' (DbType = Single), @p2='?', @p3='?', @p4='?' (DbType = Int32), @p5='?', @p6='?' (DbType = Int32), @p7='?' (DbType = Int32)], CommandType='Text', CommandTimeout='30']
INSERT INTO "Configurations" ("Id", "CPU_ghz", "CPU_name", "GPU_name", "GPU_vram", "OS", "RAM", disk_size)
VALUES (@p0, @p1, @p2, @p3, @p4, @p5, @p6, @p7);
2026-01-13 20:23:29,314 INFO rentVPSmicroservices.microserviceConfigs.Controllers.ConfigurationsController - Была добавлена новая конфигурация под id 019bb862-4f5d-7275-8785-192d7f6dc237
2026-01-13 20:23:29,316 ERROR Microsoft.AspNetCore.Diagnostics.DeveloperExceptionPageMiddleware - An unhandled exception has occurred while executing the request.
System.InvalidOperationException: No route matches the supplied values.
   at Microsoft.AspNetCore.Mvc.CreatedAtActionResult.OnFormatting(ActionContext context)
   at Microsoft.AspNetCore.Mvc.Infrastructure.ObjectResultExecutor.ExecuteAsyncCore(ActionContext context, ObjectResult result, Type objectType, Object value)
   at Microsoft.AspNetCore.Mvc.Infrastructure.ObjectResultExecutor.ExecuteAsync(ActionContext context, ObjectResult result)
   at Microsoft.AspNetCore.Mvc.Infrastructure.ResourceInvoker.ResultNext[TFilter,TFilterAsync](State& next, Scope& scope, Object& state, Boolean& isCompleted)
   at Microsoft.AspNetCore.Mvc.Infrastructure.ResourceInvoker.InvokeNextResultFilterAsync[TFilter,TFilterAsync]()
--- End of stack trace from previous location ---
   at Microsoft.AspNetCore.Mvc.Infrastructure.ResourceInvoker.Rethrow(ResultExecutedContextSealed context)
   at Microsoft.AspNetCore.Mvc.Infrastructure.ResourceInvoker.ResultNext[TFilter,TFilterAsync](State& next, Scope& scope, Object& state, Boolean& isCompleted)
   at Microsoft.AspNetCore.Mvc.Infrastructure.ResourceInvoker.InvokeResultFilters()
--- End of stack trace from previous location ---
   at Microsoft.AspNetCore.Mvc.Infrastructure.ResourceInvoker.<InvokeFilterPipelineAsync>g__Awaited|20_0(ResourceInvoker invoker, Task lastTask, State next, Scope scope, Object state, Boolean isCompleted)
   at Microsoft.AspNetCore.Mvc.Infrastructure.ResourceInvoker.<InvokeAsync>g__Awaited|17_0(ResourceInvoker invoker, Task task, IDisposable scope)
   at Microsoft.AspNetCore.Mvc.Infrastructure.ResourceInvoker.<InvokeAsync>g__Awaited|17_0(ResourceInvoker invoker, Task task, IDisposable scope)
   at Microsoft.AspNetCore.Authorization.AuthorizationMiddleware.Invoke(HttpContext context)
   at Swashbuckle.AspNetCore.SwaggerUI.SwaggerUIMiddleware.Invoke(HttpContext httpContext)
   at Swashbuckle.AspNetCore.Swagger.SwaggerMiddleware.Invoke(HttpContext httpContext, ISwaggerProvider swaggerProvider)
   at Microsoft.AspNetCore.Authentication.AuthenticationMiddleware.Invoke(HttpContext context)
   at Microsoft.AspNetCore.Diagnostics.DeveloperExceptionPageMiddlewareImpl.Invoke(HttpContext context)
2026-01-13 20:27:13,830 INFO rentVPSmicroservices.microserviceConfigs.Controllers.ConfigurationsController - Был вызван метод PostConfiguration()
2026-01-13 20:27:13,901 INFO Microsoft.EntityFrameworkCore.Database.Command - Executed DbCommand (7ms) [Parameters=[@p0='?' (DbType = Guid), @p1='?' (DbType = Single), @p2='?', @p3='?', @p4='?' (DbType = Int32), @p5='?', @p6='?' (DbType = Int32), @p7='?' (DbType = Int32)], CommandType='Text', CommandTimeout='30']
INSERT INTO "Configurations" ("Id", "CPU_ghz", "CPU_name", "GPU_name", "GPU_vram", "OS", "RAM", disk_size)
VALUES (@p0, @p1, @p2, @p3, @p4, @p5, @p6, @p7);
2026-01-13 20:27:13,901 INFO rentVPSmicroservices.microserviceConfigs.Controllers.ConfigurationsController - Была добавлена новая конфигурация под id 3fa85f64-5717-4562-b3fc-2c963f66afa6
2026-01-13 20:27:13,904 ERROR Microsoft.AspNetCore.Diagnostics.DeveloperExceptionPageMiddleware - An unhandled exception has occurred while executing the request.
System.InvalidOperationException: No route matches the supplied values.
   at Microsoft.AspNetCore.Mvc.CreatedAtActionResult.OnFormatting(ActionContext context)
   at Microsoft.AspNetCore.Mvc.Infrastructure.ObjectResultExecutor.ExecuteAsyncCore(ActionContext context, ObjectResult result, Type objectType, Object value)
   at Microsoft.AspNetCore.Mvc.Infrastructure.ObjectResultExecutor.ExecuteAsync(ActionContext context, ObjectResult result)
   at Microsoft.AspNetCore.Mvc.Infrastructure.ResourceInvoker.ResultNext[TFilter,TFilterAsync](State& next, Scope& scope, Object& state, Boolean& isCompleted)
   at Microsoft.AspNetCore.Mvc.Infrastructure.ResourceInvoker.InvokeNextResultFilterAsync[TFilter,TFilterAsync]()
--- End of stack trace from previous location ---
   at Microsoft.AspNetCore.Mvc.Infrastructure.ResourceInvoker.Rethrow(ResultExecutedContextSealed context)
   at Microsoft.AspNetCore.Mvc.Infrastructure.ResourceInvoker.ResultNext[TFilter,TFilterAsync](State& next, Scope& scope, Object& state, Boolean& isCompleted)
   at Microsoft.AspNetCore.Mvc.Infrastructure.ResourceInvoker.InvokeResultFilters()
--- End of stack trace from previous location ---
   at Microsoft.AspNetCore.Mvc.Infrastructure.ResourceInvoker.<InvokeFilterPipelineAsync>g__Awaited|20_0(ResourceInvoker invoker, Task lastTask, State next, Scope scope, Object state, Boolean isCompleted)
   at Microsoft.AspNetCore.Mvc.Infrastructure.ResourceInvoker.<InvokeAsync>g__Awaited|17_0(ResourceInvoker invoker, Task task, IDisposable scope)
   at Microsoft.AspNetCore.Mvc.Infrastructure.ResourceInvoker.<InvokeAsync>g__Awaited|17_0(ResourceInvoker invoker, Task task, IDisposable scope)
   at Microsoft.AspNetCore.Authorization.AuthorizationMiddleware.Invoke(HttpContext context)
   at Swashbuckle.AspNetCore.SwaggerUI.SwaggerUIMiddleware.Invoke(HttpContext httpContext)
   at Swashbuckle.AspNetCore.Swagger.SwaggerMiddleware.Invoke(HttpContext httpContext, ISwaggerProvider swaggerProvider)
   at Microsoft.AspNetCore.Authentication.AuthenticationMiddleware.Invoke(HttpContext context)
   at Microsoft.AspNetCore.Diagnostics.DeveloperExceptionPageMiddlewareImpl.Invoke(HttpContext context)
2026-01-13 20:28:36,294 DEBUG Microsoft.AspNetCore.Watch.BrowserRefresh.BlazorWasmHotReloadMiddleware - Middleware loaded
2026-01-13 20:28:36,306 DEBUG Microsoft.AspNetCore.Watch.BrowserRefresh.BrowserScriptMiddleware - Middleware loaded. Script /_framework/aspnetcore-browser-refresh.js (16565 B).
2026-01-13 20:28:36,307 DEBUG Microsoft.AspNetCore.Watch.BrowserRefresh.BrowserScriptMiddleware - Middleware loaded. Script /_framework/blazor-hotreload.js (799 B).
2026-01-13 20:28:36,330 DEBUG Microsoft.AspNetCore.Watch.BrowserRefresh.BrowserRefreshMiddleware - Middleware loaded: DOTNET_MODIFIABLE_ASSEMBLIES=debug, __ASPNETCORE_BROWSER_TOOLS=true
2026-01-13 20:28:36,341 INFO Microsoft.Hosting.Lifetime - Now listening on: http://localhost:5082
2026-01-13 20:28:36,407 INFO Microsoft.Hosting.Lifetime - Application started. Press Ctrl+C to shut down.
2026-01-13 20:28:36,407 INFO Microsoft.Hosting.Lifetime - Hosting environment: Development
2026-01-13 20:28:36,407 INFO Microsoft.Hosting.Lifetime - Content root path: D:\university-3c5s\tp\lab-6\rentVPSmicroservices\rentVPSmicroservices.microserviceConfigs
2026-01-13 20:28:36,606 DEBUG Microsoft.AspNetCore.Watch.BrowserRefresh.BrowserRefreshMiddleware - Response markup is scheduled to include browser refresh script injection.
2026-01-13 20:28:36,620 DEBUG Microsoft.AspNetCore.Watch.BrowserRefresh.BrowserRefreshMiddleware - Response markup was updated to include browser refresh script injection.
2026-01-13 20:28:36,642 DEBUG Microsoft.AspNetCore.Watch.BrowserRefresh.BrowserScriptMiddleware - Script injected: /_framework/aspnetcore-browser-refresh.js
2026-01-13 20:28:42,957 WARN Microsoft.AspNetCore.HttpsPolicy.HttpsRedirectionMiddleware - Failed to determine the https port for redirect.
2026-01-13 20:28:43,082 INFO rentVPSmicroservices.microserviceConfigs.Controllers.ConfigurationsController - Был вызван метод PostConfiguration()
2026-01-13 20:28:43,792 INFO Microsoft.EntityFrameworkCore.Database.Command - Executed DbCommand (139ms) [Parameters=[@p0='?' (DbType = Guid), @p1='?' (DbType = Single), @p2='?', @p3='?', @p4='?' (DbType = Int32), @p5='?', @p6='?' (DbType = Int32), @p7='?' (DbType = Int32)], CommandType='Text', CommandTimeout='30']
INSERT INTO "Configurations" ("Id", "CPU_ghz", "CPU_name", "GPU_name", "GPU_vram", "OS", "RAM", disk_size)
VALUES (@p0, @p1, @p2, @p3, @p4, @p5, @p6, @p7);
2026-01-13 20:28:43,807 INFO rentVPSmicroservices.microserviceConfigs.Controllers.ConfigurationsController - Была добавлена новая конфигурация под id e20cc97e-ca0b-4ba9-a75a-e364dcf82500
2026-01-13 20:28:43,828 ERROR Microsoft.AspNetCore.Diagnostics.DeveloperExceptionPageMiddleware - An unhandled exception has occurred while executing the request.
System.InvalidOperationException: No route matches the supplied values.
   at Microsoft.AspNetCore.Mvc.CreatedAtActionResult.OnFormatting(ActionContext context)
   at Microsoft.AspNetCore.Mvc.Infrastructure.ObjectResultExecutor.ExecuteAsyncCore(ActionContext context, ObjectResult result, Type objectType, Object value)
   at Microsoft.AspNetCore.Mvc.Infrastructure.ObjectResultExecutor.ExecuteAsync(ActionContext context, ObjectResult result)
   at Microsoft.AspNetCore.Mvc.Infrastructure.ResourceInvoker.ResultNext[TFilter,TFilterAsync](State& next, Scope& scope, Object& state, Boolean& isCompleted)
   at Microsoft.AspNetCore.Mvc.Infrastructure.ResourceInvoker.InvokeNextResultFilterAsync[TFilter,TFilterAsync]()
--- End of stack trace from previous location ---
   at Microsoft.AspNetCore.Mvc.Infrastructure.ResourceInvoker.Rethrow(ResultExecutedContextSealed context)
   at Microsoft.AspNetCore.Mvc.Infrastructure.ResourceInvoker.ResultNext[TFilter,TFilterAsync](State& next, Scope& scope, Object& state, Boolean& isCompleted)
   at Microsoft.AspNetCore.Mvc.Infrastructure.ResourceInvoker.InvokeResultFilters()
--- End of stack trace from previous location ---
   at Microsoft.AspNetCore.Mvc.Infrastructure.ResourceInvoker.<InvokeFilterPipelineAsync>g__Awaited|20_0(ResourceInvoker invoker, Task lastTask, State next, Scope scope, Object state, Boolean isCompleted)
   at Microsoft.AspNetCore.Mvc.Infrastructure.ResourceInvoker.<InvokeAsync>g__Awaited|17_0(ResourceInvoker invoker, Task task, IDisposable scope)
   at Microsoft.AspNetCore.Mvc.Infrastructure.ResourceInvoker.<InvokeAsync>g__Awaited|17_0(ResourceInvoker invoker, Task task, IDisposable scope)
   at Microsoft.AspNetCore.Authorization.AuthorizationMiddleware.Invoke(HttpContext context)
   at Swashbuckle.AspNetCore.SwaggerUI.SwaggerUIMiddleware.Invoke(HttpContext httpContext)
   at Swashbuckle.AspNetCore.Swagger.SwaggerMiddleware.Invoke(HttpContext httpContext, ISwaggerProvider swaggerProvider)
   at Microsoft.AspNetCore.Authentication.AuthenticationMiddleware.Invoke(HttpContext context)
   at Microsoft.AspNetCore.Diagnostics.DeveloperExceptionPageMiddlewareImpl.Invoke(HttpContext context)
2026-01-13 20:28:53,688 INFO Microsoft.Hosting.Lifetime - Application is shutting down...
2026-01-13 20:28:56,089 DEBUG Microsoft.AspNetCore.Watch.BrowserRefresh.BlazorWasmHotReloadMiddleware - Middleware loaded
2026-01-13 20:28:56,100 DEBUG Microsoft.AspNetCore.Watch.BrowserRefresh.BrowserScriptMiddleware - Middleware loaded. Script /_framework/aspnetcore-browser-refresh.js (16565 B).
2026-01-13 20:28:56,101 DEBUG Microsoft.AspNetCore.Watch.BrowserRefresh.BrowserScriptMiddleware - Middleware loaded. Script /_framework/blazor-hotreload.js (799 B).
2026-01-13 20:28:56,124 DEBUG Microsoft.AspNetCore.Watch.BrowserRefresh.BrowserRefreshMiddleware - Middleware loaded: DOTNET_MODIFIABLE_ASSEMBLIES=debug, __ASPNETCORE_BROWSER_TOOLS=true
2026-01-13 20:28:56,136 INFO Microsoft.Hosting.Lifetime - Now listening on: http://localhost:5082
2026-01-13 20:28:56,198 INFO Microsoft.Hosting.Lifetime - Application started. Press Ctrl+C to shut down.
2026-01-13 20:28:56,198 INFO Microsoft.Hosting.Lifetime - Hosting environment: Development
2026-01-13 20:28:56,198 INFO Microsoft.Hosting.Lifetime - Content root path: D:\university-3c5s\tp\lab-6\rentVPSmicroservices\rentVPSmicroservices.microserviceConfigs
2026-01-13 20:28:56,437 DEBUG Microsoft.AspNetCore.Watch.BrowserRefresh.BrowserRefreshMiddleware - Response markup is scheduled to include browser refresh script injection.
2026-01-13 20:28:56,454 DEBUG Microsoft.AspNetCore.Watch.BrowserRefresh.BrowserRefreshMiddleware - Response markup was updated to include browser refresh script injection.
2026-01-13 20:28:56,479 DEBUG Microsoft.AspNetCore.Watch.BrowserRefresh.BrowserScriptMiddleware - Script injected: /_framework/aspnetcore-browser-refresh.js
2026-01-13 20:29:03,783 WARN Microsoft.AspNetCore.HttpsPolicy.HttpsRedirectionMiddleware - Failed to determine the https port for redirect.
2026-01-13 20:29:03,900 INFO rentVPSmicroservices.microserviceConfigs.Controllers.ConfigurationsController - Был вызван метод PostConfiguration()
2026-01-13 20:29:04,573 INFO Microsoft.EntityFrameworkCore.Database.Command - Executed DbCommand (76ms) [Parameters=[@p0='?' (DbType = Guid), @p1='?' (DbType = Single), @p2='?', @p3='?', @p4='?' (DbType = Int32), @p5='?', @p6='?' (DbType = Int32), @p7='?' (DbType = Int32)], CommandType='Text', CommandTimeout='30']
INSERT INTO "Configurations" ("Id", "CPU_ghz", "CPU_name", "GPU_name", "GPU_vram", "OS", "RAM", disk_size)
VALUES (@p0, @p1, @p2, @p3, @p4, @p5, @p6, @p7);
2026-01-13 20:29:04,587 INFO rentVPSmicroservices.microserviceConfigs.Controllers.ConfigurationsController - Была добавлена новая конфигурация под id 38be0e9c-f76f-40ac-a5c0-3c20c659975b
2026-01-13 20:29:15,941 INFO rentVPSmicroservices.microserviceConfigs.Controllers.ConfigurationsController - Был вызван метод GetConfiguration()
2026-01-13 20:29:15,941 INFO rentVPSmicroservices.microserviceConfigs.Controllers.ConfigurationsController - All configuration catalog was watched
2026-01-13 20:29:16,131 INFO Microsoft.EntityFrameworkCore.Database.Command - Executed DbCommand (23ms) [Parameters=[], CommandType='Text', CommandTimeout='30']
SELECT c."Id", c."CPU_ghz", c."CPU_name", c."GPU_name", c."GPU_vram", c."OS", c."RAM", c.disk_size
FROM "Configurations" AS c
2026-01-13 20:29:25,459 INFO rentVPSmicroservices.microserviceConfigs.Controllers.ConfigurationsController - Был вызван метод GetConfigurationById()
2026-01-13 20:29:25,653 INFO Microsoft.EntityFrameworkCore.Database.Command - Executed DbCommand (106ms) [Parameters=[@__p_0='?' (DbType = Guid)], CommandType='Text', CommandTimeout='30']
SELECT c."Id", c."CPU_ghz", c."CPU_name", c."GPU_name", c."GPU_vram", c."OS", c."RAM", c.disk_size
FROM "Configurations" AS c
WHERE c."Id" = @__p_0
LIMIT 1
2026-01-13 20:29:25,654 INFO rentVPSmicroservices.microserviceConfigs.Controllers.ConfigurationsController - Configuration with id 38be0e9c-f76f-40ac-a5c0-3c20c659975b was watched
2026-01-13 20:29:34,330 INFO rentVPSmicroservices.microserviceConfigs.Controllers.ConfigurationsController - Был вызван метод PutConfiguration()
2026-01-13 20:29:34,358 INFO Microsoft.EntityFrameworkCore.Database.Command - Executed DbCommand (25ms) [Parameters=[@__p_0='?' (DbType = Guid)], CommandType='Text', CommandTimeout='30']
SELECT c."Id", c."CPU_ghz", c."CPU_name", c."GPU_name", c."GPU_vram", c."OS", c."RAM", c.disk_size
FROM "Configurations" AS c
WHERE c."Id" = @__p_0
LIMIT 1
2026-01-13 20:29:34,367 INFO Microsoft.EntityFrameworkCore.Database.Command - Executed DbCommand (3ms) [Parameters=[@p7='?' (DbType = Guid), @p0='?' (DbType = Single), @p1='?', @p2='?', @p3='?' (DbType = Int32), @p4='?', @p5='?' (DbType = Int32), @p6='?' (DbType = Int32)], CommandType='Text', CommandTimeout='30']
UPDATE "Configurations" SET "CPU_ghz" = @p0, "CPU_name" = @p1, "GPU_name" = @p2, "GPU_vram" = @p3, "OS" = @p4, "RAM" = @p5, disk_size = @p6
WHERE "Id" = @p7;
2026-01-13 20:29:34,371 ERROR rentVPSmicroservices.microserviceConfigs.Controllers.ConfigurationsController - Exception while trying to save new config
2026-01-13 20:29:34,389 ERROR Microsoft.AspNetCore.Diagnostics.DeveloperExceptionPageMiddleware - An unhandled exception has occurred while executing the request.
System.Exception: Exception of type 'System.Exception' was thrown.
   at rentVPSmicroservices.microserviceConfigs.Controllers.ConfigurationsController.PutConfiguration(Guid id, Configuration configuration) in D:\university-3c5s\tp\lab-6\rentVPSmicroservices\rentVPSmicroservices.microserviceConfigs\Controllers\ConfigurationsController.cs:line 76
   at Microsoft.AspNetCore.Mvc.Infrastructure.ActionMethodExecutor.TaskOfIActionResultExecutor.Execute(ActionContext actionContext, IActionResultTypeMapper mapper, ObjectMethodExecutor executor, Object controller, Object[] arguments)
   at Microsoft.AspNetCore.Mvc.Infrastructure.ControllerActionInvoker.<InvokeActionMethodAsync>g__Awaited|12_0(ControllerActionInvoker invoker, ValueTask`1 actionResultValueTask)
   at Microsoft.AspNetCore.Mvc.Infrastructure.ControllerActionInvoker.<InvokeNextActionFilterAsync>g__Awaited|10_0(ControllerActionInvoker invoker, Task lastTask, State next, Scope scope, Object state, Boolean isCompleted)
   at Microsoft.AspNetCore.Mvc.Infrastructure.ControllerActionInvoker.Rethrow(ActionExecutedContextSealed context)
   at Microsoft.AspNetCore.Mvc.Infrastructure.ControllerActionInvoker.Next(State& next, Scope& scope, Object& state, Boolean& isCompleted)
   at Microsoft.AspNetCore.Mvc.Infrastructure.ControllerActionInvoker.<InvokeInnerFilterAsync>g__Awaited|13_0(ControllerActionInvoker invoker, Task lastTask, State next, Scope scope, Object state, Boolean isCompleted)
   at Microsoft.AspNetCore.Mvc.Infrastructure.ResourceInvoker.<InvokeFilterPipelineAsync>g__Awaited|20_0(ResourceInvoker invoker, Task lastTask, State next, Scope scope, Object state, Boolean isCompleted)
   at Microsoft.AspNetCore.Mvc.Infrastructure.ResourceInvoker.<InvokeAsync>g__Awaited|17_0(ResourceInvoker invoker, Task task, IDisposable scope)
   at Microsoft.AspNetCore.Mvc.Infrastructure.ResourceInvoker.<InvokeAsync>g__Awaited|17_0(ResourceInvoker invoker, Task task, IDisposable scope)
   at Microsoft.AspNetCore.Authorization.AuthorizationMiddleware.Invoke(HttpContext context)
   at Swashbuckle.AspNetCore.SwaggerUI.SwaggerUIMiddleware.Invoke(HttpContext httpContext)
   at Swashbuckle.AspNetCore.Swagger.SwaggerMiddleware.Invoke(HttpContext httpContext, ISwaggerProvider swaggerProvider)
   at Microsoft.AspNetCore.Authentication.AuthenticationMiddleware.Invoke(HttpContext context)
   at Microsoft.AspNetCore.Diagnostics.DeveloperExceptionPageMiddlewareImpl.Invoke(HttpContext context)
2026-01-13 20:30:49,016 DEBUG Microsoft.AspNetCore.Watch.BrowserRefresh.BlazorWasmHotReloadMiddleware - Middleware loaded
2026-01-13 20:30:49,029 DEBUG Microsoft.AspNetCore.Watch.BrowserRefresh.BrowserScriptMiddleware - Middleware loaded. Script /_framework/aspnetcore-browser-refresh.js (16565 B).
2026-01-13 20:30:49,029 DEBUG Microsoft.AspNetCore.Watch.BrowserRefresh.BrowserScriptMiddleware - Middleware loaded. Script /_framework/blazor-hotreload.js (799 B).
2026-01-13 20:30:49,056 DEBUG Microsoft.AspNetCore.Watch.BrowserRefresh.BrowserRefreshMiddleware - Middleware loaded: DOTNET_MODIFIABLE_ASSEMBLIES=debug, __ASPNETCORE_BROWSER_TOOLS=true
2026-01-13 20:30:49,069 INFO Microsoft.Hosting.Lifetime - Now listening on: http://localhost:5082
2026-01-13 20:30:49,135 INFO Microsoft.Hosting.Lifetime - Application started. Press Ctrl+C to shut down.
2026-01-13 20:30:49,135 INFO Microsoft.Hosting.Lifetime - Hosting environment: Development
2026-01-13 20:30:49,135 INFO Microsoft.Hosting.Lifetime - Content root path: D:\university-3c5s\tp\lab-6\rentVPSmicroservices\rentVPSmicroservices.microserviceConfigs
2026-01-13 20:30:49,350 DEBUG Microsoft.AspNetCore.Watch.BrowserRefresh.BrowserRefreshMiddleware - Response markup is scheduled to include browser refresh script injection.
2026-01-13 20:30:49,362 DEBUG Microsoft.AspNetCore.Watch.BrowserRefresh.BrowserRefreshMiddleware - Response markup was updated to include browser refresh script injection.
2026-01-13 20:30:49,387 DEBUG Microsoft.AspNetCore.Watch.BrowserRefresh.BrowserScriptMiddleware - Script injected: /_framework/aspnetcore-browser-refresh.js
2026-01-13 20:30:57,898 WARN Microsoft.AspNetCore.HttpsPolicy.HttpsRedirectionMiddleware - Failed to determine the https port for redirect.
2026-01-13 20:30:57,991 INFO rentVPSmicroservices.microserviceConfigs.Controllers.ConfigurationsController - Был вызван метод GetConfiguration()
2026-01-13 20:30:57,991 INFO rentVPSmicroservices.microserviceConfigs.Controllers.ConfigurationsController - All configuration catalog was watched
2026-01-13 20:30:58,685 INFO Microsoft.EntityFrameworkCore.Database.Command - Executed DbCommand (17ms) [Parameters=[], CommandType='Text', CommandTimeout='30']
SELECT c."Id", c."CPU_ghz", c."CPU_name", c."GPU_name", c."GPU_vram", c."OS", c."RAM", c.disk_size
FROM "Configurations" AS c
2026-01-13 20:31:12,102 INFO rentVPSmicroservices.microserviceConfigs.Controllers.ConfigurationsController - Был вызван метод PutConfiguration()
2026-01-13 20:31:12,251 INFO Microsoft.EntityFrameworkCore.Database.Command - Executed DbCommand (53ms) [Parameters=[@__p_0='?' (DbType = Guid)], CommandType='Text', CommandTimeout='30']
SELECT c."Id", c."CPU_ghz", c."CPU_name", c."GPU_name", c."GPU_vram", c."OS", c."RAM", c.disk_size
FROM "Configurations" AS c
WHERE c."Id" = @__p_0
LIMIT 1
2026-01-13 20:31:12,352 INFO Microsoft.EntityFrameworkCore.Database.Command - Executed DbCommand (41ms) [Parameters=[@p7='?' (DbType = Guid), @p0='?' (DbType = Single), @p1='?', @p2='?', @p3='?' (DbType = Int32), @p4='?', @p5='?' (DbType = Int32), @p6='?' (DbType = Int32)], CommandType='Text', CommandTimeout='30']
UPDATE "Configurations" SET "CPU_ghz" = @p0, "CPU_name" = @p1, "GPU_name" = @p2, "GPU_vram" = @p3, "OS" = @p4, "RAM" = @p5, disk_size = @p6
WHERE "Id" = @p7;
2026-01-13 20:31:12,358 ERROR rentVPSmicroservices.microserviceConfigs.Controllers.ConfigurationsController - Exception while trying to save new config
2026-01-13 20:31:12,381 ERROR Microsoft.AspNetCore.Diagnostics.DeveloperExceptionPageMiddleware - An unhandled exception has occurred while executing the request.
Microsoft.EntityFrameworkCore.DbUpdateConcurrencyException: The database operation was expected to affect 1 row(s), but actually affected 0 row(s); data may have been modified or deleted since entities were loaded. See https://go.microsoft.com/fwlink/?LinkId=527962 for information on understanding and handling optimistic concurrency exceptions.
   at Npgsql.EntityFrameworkCore.PostgreSQL.Update.Internal.NpgsqlModificationCommandBatch.ThrowAggregateUpdateConcurrencyExceptionAsync(RelationalDataReader reader, Int32 commandIndex, Int32 expectedRowsAffected, Int32 rowsAffected, CancellationToken cancellationToken)
   at Npgsql.EntityFrameworkCore.PostgreSQL.Update.Internal.NpgsqlModificationCommandBatch.Consume(RelationalDataReader reader, Boolean async, CancellationToken cancellationToken)
   at Microsoft.EntityFrameworkCore.Update.ReaderModificationCommandBatch.ExecuteAsync(IRelationalConnection connection, CancellationToken cancellationToken)
   at Microsoft.EntityFrameworkCore.Update.ReaderModificationCommandBatch.ExecuteAsync(IRelationalConnection connection, CancellationToken cancellationToken)
   at Microsoft.EntityFrameworkCore.Update.Internal.BatchExecutor.ExecuteAsync(IEnumerable`1 commandBatches, IRelationalConnection connection, CancellationToken cancellationToken)
   at Microsoft.EntityFrameworkCore.Update.Internal.BatchExecutor.ExecuteAsync(IEnumerable`1 commandBatches, IRelationalConnection connection, CancellationToken cancellationToken)
   at Microsoft.EntityFrameworkCore.Update.Internal.BatchExecutor.ExecuteAsync(IEnumerable`1 commandBatches, IRelationalConnection connection, CancellationToken cancellationToken)
   at Microsoft.EntityFrameworkCore.Storage.RelationalDatabase.SaveChangesAsync(IList`1 entries, CancellationToken cancellationToken)
   at Microsoft.EntityFrameworkCore.ChangeTracking.Internal.StateManager.SaveChangesAsync(IList`1 entriesToSave, CancellationToken cancellationToken)
   at Microsoft.EntityFrameworkCore.ChangeTracking.Internal.StateManager.SaveChangesAsync(StateManager stateManager, Boolean acceptAllChangesOnSuccess, CancellationToken cancellationToken)
   at Npgsql.EntityFrameworkCore.PostgreSQL.Storage.Internal.NpgsqlExecutionStrategy.ExecuteAsync[TState,TResult](TState state, Func`4 operation, Func`4 verifySucceeded, CancellationToken cancellationToken)
   at Microsoft.EntityFrameworkCore.DbContext.SaveChangesAsync(Boolean acceptAllChangesOnSuccess, CancellationToken cancellationToken)
   at rentVPSmicroservices.microserviceConfigs.Controllers.ConfigurationsController.PutConfiguration(Guid id, Configuration configuration) in D:\university-3c5s\tp\lab-6\rentVPSmicroservices\rentVPSmicroservices.microserviceConfigs\Controllers\ConfigurationsController.cs:line 68
   at Microsoft.AspNetCore.Mvc.Infrastructure.ActionMethodExecutor.TaskOfIActionResultExecutor.Execute(ActionContext actionContext, IActionResultTypeMapper mapper, ObjectMethodExecutor executor, Object controller, Object[] arguments)
   at Microsoft.AspNetCore.Mvc.Infrastructure.ControllerActionInvoker.<InvokeActionMethodAsync>g__Awaited|12_0(ControllerActionInvoker invoker, ValueTask`1 actionResultValueTask)
   at Microsoft.AspNetCore.Mvc.Infrastructure.ControllerActionInvoker.<InvokeNextActionFilterAsync>g__Awaited|10_0(ControllerActionInvoker invoker, Task lastTask, State next, Scope scope, Object state, Boolean isCompleted)
   at Microsoft.AspNetCore.Mvc.Infrastructure.ControllerActionInvoker.Rethrow(ActionExecutedContextSealed context)
   at Microsoft.AspNetCore.Mvc.Infrastructure.ControllerActionInvoker.Next(State& next, Scope& scope, Object& state, Boolean& isCompleted)
   at Microsoft.AspNetCore.Mvc.Infrastructure.ControllerActionInvoker.<InvokeInnerFilterAsync>g__Awaited|13_0(ControllerActionInvoker invoker, Task lastTask, State next, Scope scope, Object state, Boolean isCompleted)
   at Microsoft.AspNetCore.Mvc.Infrastructure.ResourceInvoker.<InvokeFilterPipelineAsync>g__Awaited|20_0(ResourceInvoker invoker, Task lastTask, State next, Scope scope, Object state, Boolean isCompleted)
   at Microsoft.AspNetCore.Mvc.Infrastructure.ResourceInvoker.<InvokeAsync>g__Awaited|17_0(ResourceInvoker invoker, Task task, IDisposable scope)
   at Microsoft.AspNetCore.Mvc.Infrastructure.ResourceInvoker.<InvokeAsync>g__Awaited|17_0(ResourceInvoker invoker, Task task, IDisposable scope)
   at Microsoft.AspNetCore.Authorization.AuthorizationMiddleware.Invoke(HttpContext context)
   at Swashbuckle.AspNetCore.SwaggerUI.SwaggerUIMiddleware.Invoke(HttpContext httpContext)
   at Swashbuckle.AspNetCore.Swagger.SwaggerMiddleware.Invoke(HttpContext httpContext, ISwaggerProvider swaggerProvider)
   at Microsoft.AspNetCore.Authentication.AuthenticationMiddleware.Invoke(HttpContext context)
   at Microsoft.AspNetCore.Diagnostics.DeveloperExceptionPageMiddlewareImpl.Invoke(HttpContext context)
2026-01-13 20:31:46,169 INFO Microsoft.Hosting.Lifetime - Application is shutting down...
2026-01-13 20:31:49,252 DEBUG Microsoft.AspNetCore.Watch.BrowserRefresh.BlazorWasmHotReloadMiddleware - Middleware loaded
2026-01-13 20:31:49,265 DEBUG Microsoft.AspNetCore.Watch.BrowserRefresh.BrowserScriptMiddleware - Middleware loaded. Script /_framework/aspnetcore-browser-refresh.js (16565 B).
2026-01-13 20:31:49,265 DEBUG Microsoft.AspNetCore.Watch.BrowserRefresh.BrowserScriptMiddleware - Middleware loaded. Script /_framework/blazor-hotreload.js (799 B).
2026-01-13 20:31:49,291 DEBUG Microsoft.AspNetCore.Watch.BrowserRefresh.BrowserRefreshMiddleware - Middleware loaded: DOTNET_MODIFIABLE_ASSEMBLIES=debug, __ASPNETCORE_BROWSER_TOOLS=true
2026-01-13 20:31:49,304 INFO Microsoft.Hosting.Lifetime - Now listening on: http://localhost:5082
2026-01-13 20:31:49,379 INFO Microsoft.Hosting.Lifetime - Application started. Press Ctrl+C to shut down.
2026-01-13 20:31:49,379 INFO Microsoft.Hosting.Lifetime - Hosting environment: Development
2026-01-13 20:31:49,379 INFO Microsoft.Hosting.Lifetime - Content root path: D:\university-3c5s\tp\lab-6\rentVPSmicroservices\rentVPSmicroservices.microserviceConfigs
2026-01-13 20:31:49,556 DEBUG Microsoft.AspNetCore.Watch.BrowserRefresh.BrowserRefreshMiddleware - Response markup is scheduled to include browser refresh script injection.
2026-01-13 20:31:49,568 DEBUG Microsoft.AspNetCore.Watch.BrowserRefresh.BrowserRefreshMiddleware - Response markup was updated to include browser refresh script injection.
2026-01-13 20:31:49,589 DEBUG Microsoft.AspNetCore.Watch.BrowserRefresh.BrowserScriptMiddleware - Script injected: /_framework/aspnetcore-browser-refresh.js
2026-01-13 20:32:01,439 WARN Microsoft.AspNetCore.HttpsPolicy.HttpsRedirectionMiddleware - Failed to determine the https port for redirect.
2026-01-13 20:32:01,556 INFO rentVPSmicroservices.microserviceConfigs.Controllers.ConfigurationsController - Был вызван метод PutConfiguration()
2026-01-13 20:32:02,440 INFO Microsoft.EntityFrameworkCore.Database.Command - Executed DbCommand (73ms) [Parameters=[@__p_0='?' (DbType = Guid)], CommandType='Text', CommandTimeout='30']
SELECT c."Id", c."CPU_ghz", c."CPU_name", c."GPU_name", c."GPU_vram", c."OS", c."RAM", c.disk_size
FROM "Configurations" AS c
WHERE c."Id" = @__p_0
LIMIT 1
2026-01-13 20:32:02,519 ERROR Microsoft.AspNetCore.Diagnostics.DeveloperExceptionPageMiddleware - An unhandled exception has occurred while executing the request.
System.InvalidOperationException: The instance of entity type 'Configuration' cannot be tracked because another instance with the same key value for {'Id'} is already being tracked. When attaching existing entities, ensure that only one entity instance with a given key value is attached. Consider using 'DbContextOptionsBuilder.EnableSensitiveDataLogging' to see the conflicting key values.
   at Microsoft.EntityFrameworkCore.ChangeTracking.Internal.IdentityMap`1.ThrowIdentityConflict(InternalEntityEntry entry)
   at Microsoft.EntityFrameworkCore.ChangeTracking.Internal.IdentityMap`1.Add(TKey key, InternalEntityEntry entry, Boolean updateDuplicate)
   at Microsoft.EntityFrameworkCore.ChangeTracking.Internal.IdentityMap`1.Add(TKey key, InternalEntityEntry entry)
   at Microsoft.EntityFrameworkCore.ChangeTracking.Internal.IdentityMap`1.Add(InternalEntityEntry entry)
   at Microsoft.EntityFrameworkCore.ChangeTracking.Internal.StateManager.StartTracking(InternalEntityEntry entry)
   at Microsoft.EntityFrameworkCore.ChangeTracking.Internal.InternalEntityEntry.SetEntityState(EntityState oldState, EntityState newState, Boolean acceptChanges, Boolean modifyProperties)
   at Microsoft.EntityFrameworkCore.ChangeTracking.Internal.InternalEntityEntry.SetEntityState(EntityState entityState, Boolean acceptChanges, Boolean modifyProperties, Nullable`1 forceStateWhenUnknownKey, Nullable`1 fallbackState)
   at Microsoft.EntityFrameworkCore.ChangeTracking.EntityEntry.set_State(EntityState value)
   at rentVPSmicroservices.microserviceConfigs.Controllers.ConfigurationsController.PutConfiguration(Guid id, Configuration configuration) in D:\university-3c5s\tp\lab-6\rentVPSmicroservices\rentVPSmicroservices.microserviceConfigs\Controllers\ConfigurationsController.cs:line 65
   at Microsoft.AspNetCore.Mvc.Infrastructure.ActionMethodExecutor.TaskOfIActionResultExecutor.Execute(ActionContext actionContext, IActionResultTypeMapper mapper, ObjectMethodExecutor executor, Object controller, Object[] arguments)
   at Microsoft.AspNetCore.Mvc.Infrastructure.ControllerActionInvoker.<InvokeActionMethodAsync>g__Awaited|12_0(ControllerActionInvoker invoker, ValueTask`1 actionResultValueTask)
   at Microsoft.AspNetCore.Mvc.Infrastructure.ControllerActionInvoker.<InvokeNextActionFilterAsync>g__Awaited|10_0(ControllerActionInvoker invoker, Task lastTask, State next, Scope scope, Object state, Boolean isCompleted)
   at Microsoft.AspNetCore.Mvc.Infrastructure.ControllerActionInvoker.Rethrow(ActionExecutedContextSealed context)
   at Microsoft.AspNetCore.Mvc.Infrastructure.ControllerActionInvoker.Next(State& next, Scope& scope, Object& state, Boolean& isCompleted)
   at Microsoft.AspNetCore.Mvc.Infrastructure.ControllerActionInvoker.<InvokeInnerFilterAsync>g__Awaited|13_0(ControllerActionInvoker invoker, Task lastTask, State next, Scope scope, Object state, Boolean isCompleted)
   at Microsoft.AspNetCore.Mvc.Infrastructure.ResourceInvoker.<InvokeFilterPipelineAsync>g__Awaited|20_0(ResourceInvoker invoker, Task lastTask, State next, Scope scope, Object state, Boolean isCompleted)
   at Microsoft.AspNetCore.Mvc.Infrastructure.ResourceInvoker.<InvokeAsync>g__Awaited|17_0(ResourceInvoker invoker, Task task, IDisposable scope)
   at Microsoft.AspNetCore.Mvc.Infrastructure.ResourceInvoker.<InvokeAsync>g__Awaited|17_0(ResourceInvoker invoker, Task task, IDisposable scope)
   at Microsoft.AspNetCore.Authorization.AuthorizationMiddleware.Invoke(HttpContext context)
   at Swashbuckle.AspNetCore.SwaggerUI.SwaggerUIMiddleware.Invoke(HttpContext httpContext)
   at Swashbuckle.AspNetCore.Swagger.SwaggerMiddleware.Invoke(HttpContext httpContext, ISwaggerProvider swaggerProvider)
   at Microsoft.AspNetCore.Authentication.AuthenticationMiddleware.Invoke(HttpContext context)
   at Microsoft.AspNetCore.Diagnostics.DeveloperExceptionPageMiddlewareImpl.Invoke(HttpContext context)
2026-01-13 20:33:21,161 INFO rentVPSmicroservices.microserviceConfigs.Controllers.ConfigurationsController - Был вызван метод PostConfiguration()
2026-01-13 20:33:21,270 INFO Microsoft.EntityFrameworkCore.Database.Command - Executed DbCommand (48ms) [Parameters=[@p0='?' (DbType = Guid), @p1='?' (DbType = Single), @p2='?', @p3='?', @p4='?' (DbType = Int32), @p5='?', @p6='?' (DbType = Int32), @p7='?' (DbType = Int32)], CommandType='Text', CommandTimeout='30']
INSERT INTO "Configurations" ("Id", "CPU_ghz", "CPU_name", "GPU_name", "GPU_vram", "OS", "RAM", disk_size)
VALUES (@p0, @p1, @p2, @p3, @p4, @p5, @p6, @p7);
2026-01-13 20:33:21,276 INFO rentVPSmicroservices.microserviceConfigs.Controllers.ConfigurationsController - Была добавлена новая конфигурация под id bf30a204-c656-4852-aec2-87139f87fe08
2026-01-13 20:33:32,851 INFO rentVPSmicroservices.microserviceConfigs.Controllers.ConfigurationsController - Был вызван метод DeleteConfiguration()
2026-01-13 20:33:32,947 INFO Microsoft.EntityFrameworkCore.Database.Command - Executed DbCommand (52ms) [Parameters=[@__p_0='?' (DbType = Guid)], CommandType='Text', CommandTimeout='30']
SELECT c."Id", c."CPU_ghz", c."CPU_name", c."GPU_name", c."GPU_vram", c."OS", c."RAM", c.disk_size
FROM "Configurations" AS c
WHERE c."Id" = @__p_0
LIMIT 1
2026-01-13 20:33:32,963 INFO Microsoft.EntityFrameworkCore.Database.Command - Executed DbCommand (12ms) [Parameters=[@p0='?' (DbType = Guid)], CommandType='Text', CommandTimeout='30']
DELETE FROM "Configurations"
WHERE "Id" = @p0;
2026-01-13 20:33:32,966 INFO rentVPSmicroservices.microserviceConfigs.Controllers.ConfigurationsController - Configuration with id bf30a204-c656-4852-aec2-87139f87fe08 was deleted
2026-01-13 20:33:53,010 INFO Microsoft.Hosting.Lifetime - Application is shutting down...
2026-01-13 23:02:50,456 DEBUG Microsoft.AspNetCore.Watch.BrowserRefresh.BlazorWasmHotReloadMiddleware - Middleware loaded
2026-01-13 23:02:50,468 DEBUG Microsoft.AspNetCore.Watch.BrowserRefresh.BrowserScriptMiddleware - Middleware loaded. Script /_framework/aspnetcore-browser-refresh.js (16565 B).
2026-01-13 23:02:50,468 DEBUG Microsoft.AspNetCore.Watch.BrowserRefresh.BrowserScriptMiddleware - Middleware loaded. Script /_framework/blazor-hotreload.js (799 B).
2026-01-13 23:02:50,493 DEBUG Microsoft.AspNetCore.Watch.BrowserRefresh.BrowserRefreshMiddleware - Middleware loaded: DOTNET_MODIFIABLE_ASSEMBLIES=debug, __ASPNETCORE_BROWSER_TOOLS=true
2026-01-13 23:02:50,506 INFO Microsoft.Hosting.Lifetime - Now listening on: http://localhost:5082
2026-01-13 23:02:50,581 INFO Microsoft.Hosting.Lifetime - Application started. Press Ctrl+C to shut down.
2026-01-13 23:02:50,582 INFO Microsoft.Hosting.Lifetime - Hosting environment: Development
2026-01-13 23:02:50,582 INFO Microsoft.Hosting.Lifetime - Content root path: D:\university-3c5s\tp\lab-6\rentVPSmicroservices\rentVPSmicroservices.microserviceConfigs
2026-01-13 23:02:50,841 DEBUG Microsoft.AspNetCore.Watch.BrowserRefresh.BrowserRefreshMiddleware - Response markup is scheduled to include browser refresh script injection.
2026-01-13 23:02:50,853 DEBUG Microsoft.AspNetCore.Watch.BrowserRefresh.BrowserRefreshMiddleware - Response markup was updated to include browser refresh script injection.
2026-01-13 23:02:50,881 DEBUG Microsoft.AspNetCore.Watch.BrowserRefresh.BrowserScriptMiddleware - Script injected: /_framework/aspnetcore-browser-refresh.js
2026-01-13 23:02:53,802 WARN Microsoft.AspNetCore.HttpsPolicy.HttpsRedirectionMiddleware - Failed to determine the https port for redirect.
2026-01-13 23:02:53,887 INFO rentVPSmicroservices.microserviceConfigs.Controllers.ConfigurationsController - Был вызван метод GetConfiguration()
2026-01-13 23:02:53,887 INFO rentVPSmicroservices.microserviceConfigs.Controllers.ConfigurationsController - All configuration catalog was watched
2026-01-13 23:02:54,568 INFO Microsoft.EntityFrameworkCore.Database.Command - Executed DbCommand (65ms) [Parameters=[], CommandType='Text', CommandTimeout='30']
SELECT c."Id", c."CPU_ghz", c."CPU_name", c."GPU_name", c."GPU_vram", c."OS", c."RAM", c.disk_size
FROM "Configurations" AS c
2026-01-13 23:05:52,885 INFO Microsoft.EntityFrameworkCore.Database.Command - Executed DbCommand (16ms) [Parameters=[], CommandType='Text', CommandTimeout='30']
SELECT "MigrationId", "ProductVersion"
FROM "__EFMigrationsHistory"
ORDER BY "MigrationId";
2026-01-13 23:05:53,139 INFO Microsoft.EntityFrameworkCore.Database.Command - Executed DbCommand (16ms) [Parameters=[], CommandType='Text', CommandTimeout='30']
CREATE TABLE IF NOT EXISTS "__EFMigrationsHistory" (
    "MigrationId" character varying(150) NOT NULL,
    "ProductVersion" character varying(32) NOT NULL,
    CONSTRAINT "PK___EFMigrationsHistory" PRIMARY KEY ("MigrationId")
);
2026-01-13 23:05:53,146 INFO Microsoft.EntityFrameworkCore.Migrations - Acquiring an exclusive lock for migration application. See https://aka.ms/efcore-docs-migrations-lock for more information if this takes too long.
2026-01-13 23:05:53,153 INFO Microsoft.EntityFrameworkCore.Database.Command - Executed DbCommand (2ms) [Parameters=[], CommandType='Text', CommandTimeout='30']
LOCK TABLE "__EFMigrationsHistory" IN ACCESS EXCLUSIVE MODE
2026-01-13 23:05:53,155 INFO Microsoft.EntityFrameworkCore.Database.Command - Executed DbCommand (2ms) [Parameters=[], CommandType='Text', CommandTimeout='30']
SELECT "MigrationId", "ProductVersion"
FROM "__EFMigrationsHistory"
ORDER BY "MigrationId";
2026-01-13 23:05:53,159 INFO Microsoft.EntityFrameworkCore.Migrations - No migrations were applied. The database is already up to date.
